person_id,age_band,gender,region,education,policy_support_0_10,selection_propensity,sampled,poststrat_weight,raked_weight
P00014,60+,Woman,Midlands,Degree,6.3,0.035381,1,0.9024852071005918,1.2876376365915312
P00034,45-59,Woman,London,No degree,7.6,0.05165,1,0.8886324786324786,0.7975782928932811
P00036,30-44,Woman,Midlands,No degree,2.0,0.038239,1,1.0373821989528795,1.0797299063318317
P00037,45-59,Man,London,No degree,7.7,0.05165,1,0.8886324786324786,0.7975782928932811
P00069,45-59,Man,North,No degree,8.0,0.043192,1,0.8886324786324786,0.9125361920115775
P00072,45-59,Woman,London,Degree,7.0,0.067212,1,0.6375257731958762,0.49774176327748904
P00076,60+,Woman,North,Degree,10.0,0.035381,1,0.9024852071005918,1.2606649450048188
P00104,30-44,Woman,Scotland/Wales,No degree,7.9,0.033374,1,1.0373821989528795,1.2103502094829488
P00162,30-44,Man,North,Degree,5.9,0.057214,1,0.6961,0.6597082290664027
P00199,60+,Man,North,Degree,6.3,0.035381,1,0.9024852071005918,1.2606649450048188
P00203,30-44,Man,Midlands,Degree,5.9,0.057214,1,0.6961,0.6738230869993773
P00227,18-29,Woman,London,Degree,5.6,0.060918,1,0.8527935222672065,0.6542638188747341
P00345,60+,Woman,South,Degree,5.5,0.035381,1,0.9024852071005918,1.3129087016541312
P00349,18-29,Woman,South,Degree,6.8,0.053563,1,0.8527935222672065,0.7795868891990588
P00386,60+,Woman,Scotland/Wales,No degree,4.6,0.015204,1,2.3322522522522524,2.312910485342466
P00395,45-59,Woman,South,No degree,6.8,0.043192,1,0.8886324786324786,0.9503529957055676
P00418,18-29,Woman,South,Degree,3.9,0.053563,1,0.8527935222672065,0.7795868891990588
P00423,30-44,Man,South,No degree,5.3,0.038239,1,1.0373821989528795,1.1009205922340977
P00437,60+,Woman,North,Degree,7.6,0.035381,1,0.9024852071005918,1.2606649450048188
P00464,45-59,Man,North,Degree,4.6,0.061237,1,0.6375257731958762,0.5694831182261657
P00518,30-44,Man,Midlands,Degree,5.7,0.057214,1,0.6961,0.6738230869993773
P00536,60+,Man,North,No degree,6.2,0.01841,1,2.3322522522522524,2.0200816345539305
P00553,45-59,Woman,South,No degree,4.0,0.043192,1,0.8886324786324786,0.9503529957055676
P00567,18-29,Woman,London,Degree,6.0,0.060918,1,0.8527935222672065,0.6542638188747341
P00594,30-44,Man,Midlands,Degree,5.7,0.057214,1,0.6961,0.6738230869993773
P00631,30-44,Man,North,No degree,5.3,0.038239,1,1.0373821989528795,1.0571123461325747
P00642,45-59,Man,South,Degree,6.4,0.061237,1,0.6375257731958762,0.593083312363701
P00658,30-44,Man,London,Degree,5.4,0.063968,1,0.6961,0.5766006518454402
P00660,60+,Woman,Midlands,Degree,5.8,0.035381,1,0.9024852071005918,1.2876376365915312
P00673,45-59,Woman,Scotland/Wales,Degree,5.0,0.057214,1,0.6375257731958762,0.6520347756449332
P00709,18-29,Man,London,No degree,4.6,0.042779,1,1.099366515837104,1.0483882572438128
P00738,18-29,Man,South,No degree,4.3,0.034173,1,1.099366515837104,1.249205162442292
P00772,45-59,Man,London,Degree,6.6,0.067212,1,0.6375257731958762,0.49774176327748904
P00804,45-59,Woman,South,No degree,4.5,0.043192,1,0.8886324786324786,0.9503529957055676
P00806,30-44,Woman,Scotland/Wales,Degree,8.4,0.052804,1,0.6961,0.7553388210528066
P00812,18-29,Woman,South,Degree,6.5,0.053563,1,0.8527935222672065,0.7795868891990588
P00816,18-29,Man,London,Degree,3.1,0.060918,1,0.8527935222672065,0.6542638188747341
P00846,30-44,Woman,London,No degree,4.8,0.046879,1,1.0373821989528795,0.9239412834314563
P00922,45-59,Woman,Midlands,No degree,7.7,0.043192,1,0.8886324786324786,0.9320604576512047
P00970,18-29,Man,South,No degree,4.3,0.034173,1,1.099366515837104,1.249205162442292
P00989,30-44,Man,London,Degree,7.8,0.063968,1,0.6961,0.5766006518454402
P01078,30-44,Man,London,No degree,4.2,0.046879,1,1.0373821989528795,0.9239412834314563
P01095,45-59,Man,London,Degree,4.9,0.067212,1,0.6375257731958762,0.49774176327748904
P01113,45-59,Man,South,Degree,4.9,0.061237,1,0.6375257731958762,0.593083312363701
P01250,30-44,Woman,North,Degree,7.6,0.057214,1,0.6961,0.6597082290664027
P01271,30-44,Woman,North,No degree,3.8,0.038239,1,1.0373821989528795,1.0571123461325747
P01311,30-44,Woman,North,No degree,5.8,0.038239,1,1.0373821989528795,1.0571123461325747
P01362,60+,Woman,North,Degree,5.2,0.035381,1,0.9024852071005918,1.2606649450048188
P01387,45-59,Woman,South,No degree,3.1,0.043192,1,0.8886324786324786,0.9503529957055676
P01403,30-44,Woman,North,No degree,5.2,0.038239,1,1.0373821989528795,1.0571123461325747
P01452,30-44,Woman,Midlands,Degree,4.9,0.057214,1,0.6961,0.6738230869993773
P01472,30-44,Woman,Scotland/Wales,No degree,1.9,0.033374,1,1.0373821989528795,1.2103502094829488
P01495,45-59,Woman,Scotland/Wales,No degree,4.1,0.038239,1,0.8886324786324786,1.0448164522935846
P01522,30-44,Man,South,No degree,6.9,0.038239,1,1.0373821989528795,1.1009205922340977
P01524,60+,Man,Scotland/Wales,No degree,6.7,0.015204,1,2.3322522522522524,2.312910485342466
P01526,18-29,Man,North,No degree,1.8,0.034173,1,1.099366515837104,1.1994963209748883
P01534,45-59,Man,London,Degree,5.7,0.067212,1,0.6375257731958762,0.49774176327748904
P01605,18-29,Woman,South,Degree,4.9,0.053563,1,0.8527935222672065,0.7795868891990588
P01617,30-44,Woman,Midlands,Degree,5.8,0.057214,1,0.6961,0.6738230869993773
P01652,30-44,Man,North,No degree,6.3,0.038239,1,1.0373821989528795,1.0571123461325747
P01697,30-44,Woman,Midlands,No degree,6.9,0.038239,1,1.0373821989528795,1.0797299063318317
P01723,30-44,Man,North,No degree,4.8,0.038239,1,1.0373821989528795,1.0571123461325747
P01742,45-59,Woman,London,Degree,4.6,0.067212,1,0.6375257731958762,0.49774176327748904
P01744,30-44,Man,North,Degree,6.5,0.057214,1,0.6961,0.6597082290664027
P01750,45-59,Man,South,No degree,6.7,0.043192,1,0.8886324786324786,0.9503529957055676
P01773,30-44,Man,South,Degree,6.7,0.057214,1,0.6961,0.6870474807172545
P01785,18-29,Man,Midlands,Degree,4.3,0.053563,1,0.8527935222672065,0.7645812829645364
P01795,60+,Man,South,No degree,6.6,0.01841,1,2.3322522522522524,2.1037967039270837
P01819,30-44,Man,South,No degree,4.6,0.038239,1,1.0373821989528795,1.1009205922340977
P01845,30-44,Man,Midlands,No degree,5.7,0.038239,1,1.0373821989528795,1.0797299063318317
P01861,30-44,Woman,Midlands,Degree,6.6,0.057214,1,0.6961,0.6738230869993773
P01863,45-59,Man,South,No degree,6.7,0.043192,1,0.8886324786324786,0.9503529957055676
P01899,30-44,Woman,North,No degree,6.3,0.038239,1,1.0373821989528795,1.0571123461325747
P01906,18-29,Man,London,Degree,5.8,0.060918,1,0.8527935222672065,0.6542638188747341
P01928,18-29,Woman,North,Degree,4.3,0.053563,1,0.8527935222672065,0.7485652746153514
P01992,18-29,Man,South,Degree,6.5,0.053563,1,0.8527935222672065,0.7795868891990588
P02006,60+,Man,North,Degree,6.8,0.035381,1,0.9024852071005918,1.2606649450048188
P02025,45-59,Woman,South,No degree,4.8,0.043192,1,0.8886324786324786,0.9503529957055676
P02059,45-59,Man,Midlands,No degree,7.2,0.043192,1,0.8886324786324786,0.9320604576512047
P02078,18-29,Man,London,Degree,4.7,0.060918,1,0.8527935222672065,0.6542638188747341
P02081,18-29,Man,South,Degree,5.8,0.053563,1,0.8527935222672065,0.7795868891990588
P02105,18-29,Woman,Scotland/Wales,No degree,4.5,0.029482,1,1.099366515837104,1.3733740114543207
P02107,30-44,Woman,Midlands,Degree,6.3,0.057214,1,0.6961,0.6738230869993773
P02266,18-29,Man,Midlands,Degree,4.5,0.053563,1,0.8527935222672065,0.7645812829645364
P02270,30-44,Woman,South,No degree,2.6,0.038239,1,1.0373821989528795,1.1009205922340977
P02281,18-29,Woman,South,Degree,4.5,0.053563,1,0.8527935222672065,0.7795868891990588
P02289,18-29,Man,North,Degree,5.1,0.053563,1,0.8527935222672065,0.7485652746153514
P02338,60+,Man,South,No degree,4.0,0.01841,1,2.3322522522522524,2.1037967039270837
P02341,60+,Man,London,Degree,7.4,0.044016,1,0.9024852071005918,1.1018510866192461
P02364,45-59,Woman,Midlands,No degree,6.7,0.043192,1,0.8886324786324786,0.9320604576512047
P02365,60+,Woman,South,No degree,6.3,0.01841,1,2.3322522522522524,2.1037967039270837
P02371,60+,Man,London,Degree,3.0,0.044016,1,0.9024852071005918,1.1018510866192461
P02392,60+,Man,South,No degree,5.3,0.01841,1,2.3322522522522524,2.1037967039270837
P02401,45-59,Woman,South,No degree,4.9,0.043192,1,0.8886324786324786,0.9503529957055676
P02413,30-44,Man,North,Degree,5.4,0.057214,1,0.6961,0.6597082290664027
P02423,18-29,Man,Midlands,Degree,3.1,0.053563,1,0.8527935222672065,0.7645812829645364
P02430,45-59,Woman,North,Degree,7.8,0.061237,1,0.6375257731958762,0.5694831182261657
P02539,45-59,Man,South,No degree,2.8,0.043192,1,0.8886324786324786,0.9503529957055676
P02651,30-44,Woman,North,No degree,5.7,0.038239,1,1.0373821989528795,1.0571123461325747
P02689,18-29,Woman,London,Degree,7.0,0.060918,1,0.8527935222672065,0.6542638188747341
P02765,45-59,Man,Scotland/Wales,No degree,6.0,0.038239,1,0.8886324786324786,1.0448164522935846
P02788,45-59,Man,North,No degree,6.1,0.043192,1,0.8886324786324786,0.9125361920115775
P02799,30-44,Man,North,Degree,4.3,0.057214,1,0.6961,0.6597082290664027
P02835,18-29,Man,London,Degree,7.2,0.060918,1,0.8527935222672065,0.6542638188747341
P02840,60+,Woman,London,No degree,6.2,0.025101,1,2.3322522522522524,1.7655992997285437
P02890,60+,Woman,North,Degree,6.6,0.035381,1,0.9024852071005918,1.2606649450048188
P02915,60+,Woman,North,Degree,4.6,0.035381,1,0.9024852071005918,1.2606649450048188
P02948,30-44,Woman,London,Degree,8.0,0.063968,1,0.6961,0.5766006518454402
P02950,30-44,Woman,South,Degree,6.6,0.057214,1,0.6961,0.6870474807172545
P02960,45-59,Man,London,Degree,5.6,0.067212,1,0.6375257731958762,0.49774176327748904
P02971,30-44,Man,North,Degree,5.5,0.057214,1,0.6961,0.6597082290664027
P03013,18-29,Man,London,No degree,7.6,0.042779,1,1.099366515837104,1.0483882572438128
P03020,30-44,Woman,North,Degree,5.3,0.057214,1,0.6961,0.6597082290664027
P03035,30-44,Man,Scotland/Wales,No degree,6.8,0.033374,1,1.0373821989528795,1.2103502094829488
P03038,45-59,Man,London,No degree,5.5,0.05165,1,0.8886324786324786,0.7975782928932811
P03117,45-59,Man,South,No degree,2.4,0.043192,1,0.8886324786324786,0.9503529957055676
P03137,18-29,Woman,Midlands,No degree,5.1,0.034173,1,1.099366515837104,1.2251602727276898
P03138,30-44,Man,London,Degree,8.1,0.063968,1,0.6961,0.5766006518454402
P03147,45-59,Woman,London,Degree,6.4,0.067212,1,0.6375257731958762,0.49774176327748904
P03153,30-44,Woman,North,Degree,7.2,0.057214,1,0.6961,0.6597082290664027
P03169,45-59,Woman,South,No degree,6.4,0.043192,1,0.8886324786324786,0.9503529957055676
P03200,45-59,Woman,North,Degree,5.6,0.061237,1,0.6375257731958762,0.5694831182261657
P03208,45-59,Woman,Midlands,Degree,6.8,0.061237,1,0.6375257731958762,0.5816675551557531
P03231,60+,Man,South,Degree,6.1,0.035381,1,0.9024852071005918,1.3129087016541312
P03268,45-59,Man,North,No degree,6.9,0.043192,1,0.8886324786324786,0.9125361920115775
P03294,45-59,Man,Scotland/Wales,No degree,4.4,0.038239,1,0.8886324786324786,1.0448164522935846
P03326,45-59,Man,Midlands,No degree,3.9,0.043192,1,0.8886324786324786,0.9320604576512047
P03341,18-29,Man,Midlands,No degree,6.1,0.034173,1,1.099366515837104,1.2251602727276898
P03353,45-59,Woman,London,No degree,5.8,0.05165,1,0.8886324786324786,0.7975782928932811
P03362,45-59,Woman,North,No degree,4.0,0.043192,1,0.8886324786324786,0.9125361920115775
P03430,18-29,Man,London,Degree,5.0,0.060918,1,0.8527935222672065,0.6542638188747341
P03437,45-59,Man,North,Degree,7.1,0.061237,1,0.6375257731958762,0.5694831182261657
P03441,18-29,Man,North,No degree,3.1,0.034173,1,1.099366515837104,1.1994963209748883
P03448,45-59,Woman,South,Degree,5.8,0.061237,1,0.6375257731958762,0.593083312363701
P03463,30-44,Man,South,Degree,4.5,0.057214,1,0.6961,0.6870474807172545
P03478,18-29,Man,North,Degree,5.5,0.053563,1,0.8527935222672065,0.7485652746153514
P03492,45-59,Man,Scotland/Wales,No degree,8.2,0.038239,1,0.8886324786324786,1.0448164522935846
P03494,45-59,Woman,Midlands,Degree,7.4,0.061237,1,0.6375257731958762,0.5816675551557531
P03504,30-44,Man,North,Degree,7.4,0.057214,1,0.6961,0.6597082290664027
P03553,45-59,Man,North,No degree,6.0,0.043192,1,0.8886324786324786,0.9125361920115775
P03558,45-59,Man,North,No degree,4.5,0.043192,1,0.8886324786324786,0.9125361920115775
P03576,30-44,Woman,South,Degree,8.4,0.057214,1,0.6961,0.6870474807172545
P03583,60+,Woman,South,No degree,2.8,0.01841,1,2.3322522522522524,2.1037967039270837
P03632,18-29,Man,South,Degree,5.9,0.053563,1,0.8527935222672065,0.7795868891990588
P03653,45-59,Woman,Midlands,No degree,3.6,0.043192,1,0.8886324786324786,0.9320604576512047
P03709,30-44,Man,Midlands,Degree,6.7,0.057214,1,0.6961,0.6738230869993773
P03711,30-44,Man,South,No degree,8.2,0.038239,1,1.0373821989528795,1.1009205922340977
P03714,45-59,Man,South,No degree,5.1,0.043192,1,0.8886324786324786,0.9503529957055676
P03739,45-59,Man,Midlands,No degree,8.2,0.043192,1,0.8886324786324786,0.9320604576512047
P03759,18-29,Man,South,No degree,4.3,0.034173,1,1.099366515837104,1.249205162442292
P03772,18-29,Man,Scotland/Wales,No degree,6.6,0.029482,1,1.099366515837104,1.3733740114543207
P03786,45-59,Woman,North,No degree,6.2,0.043192,1,0.8886324786324786,0.9125361920115775
P03801,60+,Man,London,Degree,6.9,0.044016,1,0.9024852071005918,1.1018510866192461
P03818,18-29,Woman,Midlands,Degree,3.4,0.053563,1,0.8527935222672065,0.7645812829645364
P03838,45-59,Man,North,No degree,6.7,0.043192,1,0.8886324786324786,0.9125361920115775
P03840,45-59,Man,London,No degree,5.5,0.05165,1,0.8886324786324786,0.7975782928932811
P03867,30-44,Man,Midlands,Degree,5.9,0.057214,1,0.6961,0.6738230869993773
P03950,30-44,Man,London,No degree,6.1,0.046879,1,1.0373821989528795,0.9239412834314563
P04027,45-59,Woman,South,Degree,6.9,0.061237,1,0.6375257731958762,0.593083312363701
P04083,18-29,Man,London,Degree,7.5,0.060918,1,0.8527935222672065,0.6542638188747341
P04094,30-44,Man,London,Degree,8.8,0.063968,1,0.6961,0.5766006518454402
P04133,30-44,Woman,North,Degree,5.6,0.057214,1,0.6961,0.6597082290664027
P04182,60+,Woman,South,No degree,6.2,0.01841,1,2.3322522522522524,2.1037967039270837
P04206,45-59,Man,North,No degree,2.9,0.043192,1,0.8886324786324786,0.9125361920115775
P04260,18-29,Man,Scotland/Wales,Degree,4.7,0.048894,1,0.8527935222672065,0.8570764879031357
P04268,60+,Non-binary / other,South,No degree,4.4,0.01841,1,2.3322522522522524,2.1037967039270837
P04332,30-44,Woman,North,Degree,7.4,0.057214,1,0.6961,0.6597082290664027
P04337,45-59,Man,Midlands,No degree,4.0,0.043192,1,0.8886324786324786,0.9320604576512047
P04369,30-44,Woman,North,Degree,4.7,0.057214,1,0.6961,0.6597082290664027
P04423,45-59,Woman,South,No degree,5.7,0.043192,1,0.8886324786324786,0.9503529957055676
P04459,30-44,Man,North,Degree,6.5,0.057214,1,0.6961,0.6597082290664027
P04483,45-59,Woman,South,No degree,5.0,0.043192,1,0.8886324786324786,0.9503529957055676
P04538,30-44,Woman,North,Degree,6.1,0.057214,1,0.6961,0.6597082290664027
P04543,60+,Woman,South,Degree,8.2,0.035381,1,0.9024852071005918,1.3129087016541312
P04602,30-44,Woman,London,Degree,8.1,0.063968,1,0.6961,0.5766006518454402
P04613,30-44,Man,Scotland/Wales,Degree,6.7,0.052804,1,0.6961,0.7553388210528066
P04632,30-44,Man,Midlands,Degree,5.2,0.057214,1,0.6961,0.6738230869993773
P04697,45-59,Man,Midlands,Degree,6.1,0.061237,1,0.6375257731958762,0.5816675551557531
P04734,30-44,Woman,North,No degree,6.3,0.038239,1,1.0373821989528795,1.0571123461325747
P04779,45-59,Woman,South,No degree,3.8,0.043192,1,0.8886324786324786,0.9503529957055676
P04781,18-29,Man,South,No degree,2.7,0.034173,1,1.099366515837104,1.249205162442292
P04806,60+,Man,Scotland/Wales,No degree,6.5,0.015204,1,2.3322522522522524,2.312910485342466
P04825,18-29,Man,London,Degree,4.6,0.060918,1,0.8527935222672065,0.6542638188747341
P04842,60+,Man,Midlands,No degree,5.5,0.01841,1,2.3322522522522524,2.0633025070979794
P04850,45-59,Man,Scotland/Wales,No degree,5.7,0.038239,1,0.8886324786324786,1.0448164522935846
P04859,45-59,Woman,London,Degree,5.1,0.067212,1,0.6375257731958762,0.49774176327748904
P04867,18-29,Man,North,Degree,7.6,0.053563,1,0.8527935222672065,0.7485652746153514
P04934,18-29,Man,North,No degree,5.1,0.034173,1,1.099366515837104,1.1994963209748883
P04935,18-29,Woman,Scotland/Wales,No degree,4.9,0.029482,1,1.099366515837104,1.3733740114543207
P04956,30-44,Woman,London,Degree,2.6,0.063968,1,0.6961,0.5766006518454402
P04963,18-29,Woman,Scotland/Wales,Degree,5.1,0.048894,1,0.8527935222672065,0.8570764879031357
P04978,30-44,Woman,London,Degree,6.1,0.063968,1,0.6961,0.5766006518454402
P05007,60+,Woman,London,No degree,6.9,0.025101,1,2.3322522522522524,1.7655992997285437
P05039,30-44,Woman,North,No degree,4.9,0.038239,1,1.0373821989528795,1.0571123461325747
P05189,30-44,Woman,North,No degree,5.9,0.038239,1,1.0373821989528795,1.0571123461325747
P05192,45-59,Man,North,Degree,3.3,0.061237,1,0.6375257731958762,0.5694831182261657
P05212,30-44,Woman,North,Degree,4.3,0.057214,1,0.6961,0.6597082290664027
P05248,30-44,Woman,Scotland/Wales,No degree,5.1,0.033374,1,1.0373821989528795,1.2103502094829488
P05251,18-29,Woman,Midlands,Degree,4.4,0.053563,1,0.8527935222672065,0.7645812829645364
P05259,18-29,Man,North,No degree,3.4,0.034173,1,1.099366515837104,1.1994963209748883
P05286,18-29,Man,London,Degree,6.5,0.060918,1,0.8527935222672065,0.6542638188747341
P05296,18-29,Man,South,Degree,7.1,0.053563,1,0.8527935222672065,0.7795868891990588
P05316,45-59,Woman,North,No degree,5.9,0.043192,1,0.8886324786324786,0.9125361920115775
P05318,45-59,Woman,South,No degree,5.0,0.043192,1,0.8886324786324786,0.9503529957055676
P05346,45-59,Man,Midlands,No degree,4.3,0.043192,1,0.8886324786324786,0.9320604576512047
P05370,45-59,Woman,North,Degree,5.3,0.061237,1,0.6375257731958762,0.5694831182261657
P05374,30-44,Man,North,No degree,7.8,0.038239,1,1.0373821989528795,1.0571123461325747
P05429,45-59,Man,London,No degree,5.0,0.05165,1,0.8886324786324786,0.7975782928932811
P05435,18-29,Man,Midlands,Degree,5.7,0.053563,1,0.8527935222672065,0.7645812829645364
P05454,30-44,Woman,North,Degree,5.2,0.057214,1,0.6961,0.6597082290664027
P05469,45-59,Woman,London,No degree,3.9,0.05165,1,0.8886324786324786,0.7975782928932811
P05494,30-44,Man,North,Degree,6.5,0.057214,1,0.6961,0.6597082290664027
P05495,30-44,Woman,Scotland/Wales,Degree,4.8,0.052804,1,0.6961,0.7553388210528066
P05521,45-59,Woman,Scotland/Wales,No degree,5.2,0.038239,1,0.8886324786324786,1.0448164522935846
P05534,18-29,Man,South,No degree,0.5,0.034173,1,1.099366515837104,1.249205162442292
P05578,45-59,Woman,South,No degree,4.2,0.043192,1,0.8886324786324786,0.9503529957055676
P05582,18-29,Woman,South,Degree,3.4,0.053563,1,0.8527935222672065,0.7795868891990588
P05618,18-29,Man,South,Degree,7.3,0.053563,1,0.8527935222672065,0.7795868891990588
P05634,45-59,Man,Midlands,No degree,5.4,0.043192,1,0.8886324786324786,0.9320604576512047
P05663,30-44,Woman,South,No degree,3.8,0.038239,1,1.0373821989528795,1.1009205922340977
P05667,45-59,Woman,South,No degree,4.8,0.043192,1,0.8886324786324786,0.9503529957055676
P05687,45-59,Man,North,Degree,7.3,0.061237,1,0.6375257731958762,0.5694831182261657
P05704,45-59,Man,South,Degree,6.7,0.061237,1,0.6375257731958762,0.593083312363701
P05739,30-44,Man,North,Degree,4.1,0.057214,1,0.6961,0.6597082290664027
P05752,30-44,Man,South,Degree,7.4,0.057214,1,0.6961,0.6870474807172545
P05759,60+,Woman,South,Degree,4.7,0.035381,1,0.9024852071005918,1.3129087016541312
P05796,45-59,Woman,Scotland/Wales,No degree,3.6,0.038239,1,0.8886324786324786,1.0448164522935846
P05802,60+,Woman,Scotland/Wales,No degree,6.1,0.015204,1,2.3322522522522524,2.312910485342466
P05856,30-44,Man,London,No degree,7.6,0.046879,1,1.0373821989528795,0.9239412834314563
P05890,18-29,Woman,North,No degree,1.5,0.034173,1,1.099366515837104,1.1994963209748883
P05901,45-59,Woman,Midlands,Degree,4.0,0.061237,1,0.6375257731958762,0.5816675551557531
P05917,60+,Man,North,No degree,2.9,0.01841,1,2.3322522522522524,2.0200816345539305
P05969,30-44,Man,North,No degree,3.5,0.038239,1,1.0373821989528795,1.0571123461325747
P06032,60+,Man,Midlands,No degree,4.7,0.01841,1,2.3322522522522524,2.0633025070979794
P06045,18-29,Woman,London,Degree,6.0,0.060918,1,0.8527935222672065,0.6542638188747341
P06052,30-44,Woman,South,Degree,4.9,0.057214,1,0.6961,0.6870474807172545
P06072,30-44,Woman,North,Degree,3.6,0.057214,1,0.6961,0.6597082290664027
P06076,60+,Woman,South,Degree,3.8,0.035381,1,0.9024852071005918,1.3129087016541312
P06086,30-44,Woman,Scotland/Wales,No degree,3.5,0.033374,1,1.0373821989528795,1.2103502094829488
P06091,18-29,Man,Scotland/Wales,No degree,4.3,0.029482,1,1.099366515837104,1.3733740114543207
P06096,45-59,Woman,North,No degree,9.0,0.043192,1,0.8886324786324786,0.9125361920115775
P06139,30-44,Man,London,No degree,5.0,0.046879,1,1.0373821989528795,0.9239412834314563
P06141,30-44,Man,North,Degree,6.9,0.057214,1,0.6961,0.6597082290664027
P06167,18-29,Woman,Scotland/Wales,No degree,5.6,0.029482,1,1.099366515837104,1.3733740114543207
P06177,30-44,Woman,Midlands,Degree,5.1,0.057214,1,0.6961,0.6738230869993773
P06195,30-44,Woman,North,Degree,5.7,0.057214,1,0.6961,0.6597082290664027
P06207,30-44,Woman,North,No degree,6.6,0.038239,1,1.0373821989528795,1.0571123461325747
P06210,45-59,Woman,Scotland/Wales,Degree,7.9,0.057214,1,0.6375257731958762,0.6520347756449332
P06237,45-59,Woman,South,No degree,5.4,0.043192,1,0.8886324786324786,0.9503529957055676
P06265,45-59,Woman,South,Degree,4.9,0.061237,1,0.6375257731958762,0.593083312363701
P06290,30-44,Woman,Scotland/Wales,Degree,3.8,0.052804,1,0.6961,0.7553388210528066
P06316,30-44,Man,South,No degree,6.1,0.038239,1,1.0373821989528795,1.1009205922340977
P06330,30-44,Woman,North,No degree,6.9,0.038239,1,1.0373821989528795,1.0571123461325747
P06339,18-29,Man,North,No degree,4.9,0.034173,1,1.099366515837104,1.1994963209748883
P06392,30-44,Man,London,No degree,7.0,0.046879,1,1.0373821989528795,0.9239412834314563
P06440,30-44,Woman,North,No degree,5.4,0.038239,1,1.0373821989528795,1.0571123461325747
P06465,30-44,Man,North,No degree,5.5,0.038239,1,1.0373821989528795,1.0571123461325747
P06466,30-44,Man,South,Degree,7.6,0.057214,1,0.6961,0.6870474807172545
P06480,30-44,Man,North,Degree,6.2,0.057214,1,0.6961,0.6597082290664027
P06483,30-44,Woman,South,No degree,5.6,0.038239,1,1.0373821989528795,1.1009205922340977
P06487,30-44,Man,London,No degree,8.2,0.046879,1,1.0373821989528795,0.9239412834314563
P06496,30-44,Man,Scotland/Wales,No degree,6.8,0.033374,1,1.0373821989528795,1.2103502094829488
P06497,30-44,Man,South,Degree,4.7,0.057214,1,0.6961,0.6870474807172545
P06586,45-59,Man,South,No degree,6.6,0.043192,1,0.8886324786324786,0.9503529957055676
P06629,30-44,Woman,South,No degree,2.4,0.038239,1,1.0373821989528795,1.1009205922340977
P06642,45-59,Man,South,No degree,6.1,0.043192,1,0.8886324786324786,0.9503529957055676
P06648,60+,Woman,South,Degree,6.4,0.035381,1,0.9024852071005918,1.3129087016541312
P06651,30-44,Man,Scotland/Wales,Degree,7.2,0.052804,1,0.6961,0.7553388210528066
P06657,45-59,Woman,North,No degree,5.0,0.043192,1,0.8886324786324786,0.9125361920115775
P06692,30-44,Man,North,Degree,4.6,0.057214,1,0.6961,0.6597082290664027
P06793,45-59,Man,North,Degree,5.5,0.061237,1,0.6375257731958762,0.5694831182261657
P06799,30-44,Woman,Scotland/Wales,Degree,4.8,0.052804,1,0.6961,0.7553388210528066
P06897,45-59,Man,North,No degree,5.7,0.043192,1,0.8886324786324786,0.9125361920115775
P06907,60+,Woman,Midlands,No degree,6.4,0.01841,1,2.3322522522522524,2.0633025070979794
P06937,45-59,Man,Scotland/Wales,Degree,4.5,0.057214,1,0.6375257731958762,0.6520347756449332
P06952,18-29,Man,North,Degree,6.5,0.053563,1,0.8527935222672065,0.7485652746153514
P07001,18-29,Woman,London,No degree,5.2,0.042779,1,1.099366515837104,1.0483882572438128
P07033,18-29,Man,Scotland/Wales,Degree,5.1,0.048894,1,0.8527935222672065,0.8570764879031357
P07035,30-44,Woman,North,No degree,4.1,0.038239,1,1.0373821989528795,1.0571123461325747
P07089,18-29,Woman,Midlands,No degree,7.6,0.034173,1,1.099366515837104,1.2251602727276898
P07095,30-44,Woman,South,Degree,3.9,0.057214,1,0.6961,0.6870474807172545
P07135,45-59,Man,North,Degree,6.7,0.061237,1,0.6375257731958762,0.5694831182261657
P07215,18-29,Man,Scotland/Wales,Degree,1.7,0.048894,1,0.8527935222672065,0.8570764879031357
P07238,30-44,Man,London,Degree,5.8,0.063968,1,0.6961,0.5766006518454402
P07266,45-59,Woman,South,No degree,3.1,0.043192,1,0.8886324786324786,0.9503529957055676
P07278,45-59,Woman,North,Degree,5.1,0.061237,1,0.6375257731958762,0.5694831182261657
P07295,45-59,Man,South,No degree,5.5,0.043192,1,0.8886324786324786,0.9503529957055676
P07299,45-59,Man,South,No degree,4.7,0.043192,1,0.8886324786324786,0.9503529957055676
P07342,30-44,Woman,London,Degree,4.8,0.063968,1,0.6961,0.5766006518454402
P07360,60+,Woman,Scotland/Wales,No degree,8.1,0.015204,1,2.3322522522522524,2.312910485342466
P07383,60+,Man,Midlands,Degree,5.4,0.035381,1,0.9024852071005918,1.2876376365915312
P07427,45-59,Man,South,No degree,6.7,0.043192,1,0.8886324786324786,0.9503529957055676
P07459,60+,Woman,London,Degree,6.0,0.044016,1,0.9024852071005918,1.1018510866192461
P07512,30-44,Woman,South,Degree,4.9,0.057214,1,0.6961,0.6870474807172545
P07604,30-44,Man,North,Degree,5.6,0.057214,1,0.6961,0.6597082290664027
P07614,18-29,Man,South,Degree,3.9,0.053563,1,0.8527935222672065,0.7795868891990588
P07621,18-29,Woman,Midlands,Degree,7.4,0.053563,1,0.8527935222672065,0.7645812829645364
P07666,60+,Woman,South,Degree,5.3,0.035381,1,0.9024852071005918,1.3129087016541312
P07712,30-44,Man,Midlands,No degree,6.5,0.038239,1,1.0373821989528795,1.0797299063318317
P07743,60+,Man,North,Degree,8.4,0.035381,1,0.9024852071005918,1.2606649450048188
P07762,45-59,Man,London,No degree,7.3,0.05165,1,0.8886324786324786,0.7975782928932811
P07770,30-44,Man,North,Degree,6.2,0.057214,1,0.6961,0.6597082290664027
P07781,30-44,Woman,North,Degree,5.8,0.057214,1,0.6961,0.6597082290664027
P07807,45-59,Man,Scotland/Wales,No degree,4.7,0.038239,1,0.8886324786324786,1.0448164522935846
P07846,30-44,Woman,Scotland/Wales,No degree,2.5,0.033374,1,1.0373821989528795,1.2103502094829488
P07901,60+,Woman,Midlands,No degree,5.5,0.01841,1,2.3322522522522524,2.0633025070979794
P07922,60+,Man,Midlands,No degree,6.4,0.01841,1,2.3322522522522524,2.0633025070979794
P07929,18-29,Woman,North,Degree,4.2,0.053563,1,0.8527935222672065,0.7485652746153514
P07994,60+,Woman,South,No degree,7.2,0.01841,1,2.3322522522522524,2.1037967039270837
P08018,60+,Woman,North,Degree,6.0,0.035381,1,0.9024852071005918,1.2606649450048188
P08022,18-29,Man,Midlands,No degree,7.3,0.034173,1,1.099366515837104,1.2251602727276898
P08054,45-59,Woman,North,No degree,8.4,0.043192,1,0.8886324786324786,0.9125361920115775
P08135,45-59,Woman,Scotland/Wales,Degree,6.6,0.057214,1,0.6375257731958762,0.6520347756449332
P08148,60+,Man,South,No degree,4.3,0.01841,1,2.3322522522522524,2.1037967039270837
P08151,30-44,Woman,Midlands,Degree,4.9,0.057214,1,0.6961,0.6738230869993773
P08183,45-59,Man,Scotland/Wales,No degree,7.5,0.038239,1,0.8886324786324786,1.0448164522935846
P08194,18-29,Woman,South,No degree,3.9,0.034173,1,1.099366515837104,1.249205162442292
P08277,18-29,Man,Scotland/Wales,No degree,6.2,0.029482,1,1.099366515837104,1.3733740114543207
P08312,30-44,Woman,North,No degree,4.8,0.038239,1,1.0373821989528795,1.0571123461325747
P08316,18-29,Woman,North,Degree,3.5,0.053563,1,0.8527935222672065,0.7485652746153514
P08342,30-44,Woman,North,Degree,7.0,0.057214,1,0.6961,0.6597082290664027
P08368,30-44,Woman,North,No degree,4.3,0.038239,1,1.0373821989528795,1.0571123461325747
P08381,30-44,Woman,Midlands,No degree,5.1,0.038239,1,1.0373821989528795,1.0797299063318317
P08388,60+,Woman,Midlands,Degree,7.4,0.035381,1,0.9024852071005918,1.2876376365915312
P08416,60+,Woman,South,Degree,7.3,0.035381,1,0.9024852071005918,1.3129087016541312
P08424,18-29,Man,Midlands,No degree,4.3,0.034173,1,1.099366515837104,1.2251602727276898
P08462,18-29,Woman,Midlands,Degree,5.4,0.053563,1,0.8527935222672065,0.7645812829645364
P08465,18-29,Man,London,No degree,5.8,0.042779,1,1.099366515837104,1.0483882572438128
P08469,18-29,Man,South,No degree,4.1,0.034173,1,1.099366515837104,1.249205162442292
P08501,45-59,Woman,South,No degree,3.7,0.043192,1,0.8886324786324786,0.9503529957055676
P08529,30-44,Man,London,Degree,2.8,0.063968,1,0.6961,0.5766006518454402
P08544,60+,Man,London,No degree,7.6,0.025101,1,2.3322522522522524,1.7655992997285437
P08545,30-44,Man,Midlands,Degree,3.7,0.057214,1,0.6961,0.6738230869993773
P08554,60+,Man,North,No degree,4.7,0.01841,1,2.3322522522522524,2.0200816345539305
P08569,30-44,Woman,Scotland/Wales,Degree,4.5,0.052804,1,0.6961,0.7553388210528066
P08589,60+,Woman,North,No degree,7.0,0.01841,1,2.3322522522522524,2.0200816345539305
P08644,45-59,Woman,North,Degree,4.9,0.061237,1,0.6375257731958762,0.5694831182261657
P08670,45-59,Woman,London,Degree,5.8,0.067212,1,0.6375257731958762,0.49774176327748904
P08780,30-44,Man,South,No degree,5.5,0.038239,1,1.0373821989528795,1.1009205922340977
P08799,45-59,Woman,North,No degree,6.9,0.043192,1,0.8886324786324786,0.9125361920115775
P08803,45-59,Woman,Midlands,Degree,5.4,0.061237,1,0.6375257731958762,0.5816675551557531
P08850,30-44,Woman,North,No degree,6.2,0.038239,1,1.0373821989528795,1.0571123461325747
P08873,30-44,Woman,London,No degree,5.8,0.046879,1,1.0373821989528795,0.9239412834314563
P08894,30-44,Woman,London,Degree,5.1,0.063968,1,0.6961,0.5766006518454402
P08945,45-59,Man,Scotland/Wales,No degree,5.6,0.038239,1,0.8886324786324786,1.0448164522935846
P08968,45-59,Woman,Midlands,Degree,6.6,0.061237,1,0.6375257731958762,0.5816675551557531
P09006,18-29,Man,North,Degree,4.3,0.053563,1,0.8527935222672065,0.7485652746153514
P09029,45-59,Man,Scotland/Wales,No degree,6.8,0.038239,1,0.8886324786324786,1.0448164522935846
P09069,30-44,Man,South,No degree,7.8,0.038239,1,1.0373821989528795,1.1009205922340977
P09079,30-44,Woman,London,No degree,5.9,0.046879,1,1.0373821989528795,0.9239412834314563
P09145,30-44,Woman,Midlands,No degree,7.0,0.038239,1,1.0373821989528795,1.0797299063318317
P09163,30-44,Man,South,Degree,2.4,0.057214,1,0.6961,0.6870474807172545
P09193,30-44,Woman,North,Degree,6.6,0.057214,1,0.6961,0.6597082290664027
P09208,30-44,Man,Scotland/Wales,Degree,5.4,0.052804,1,0.6961,0.7553388210528066
P09216,18-29,Man,North,Degree,8.1,0.053563,1,0.8527935222672065,0.7485652746153514
P09235,30-44,Woman,Scotland/Wales,Degree,6.9,0.052804,1,0.6961,0.7553388210528066
P09238,60+,Man,Scotland/Wales,No degree,5.3,0.015204,1,2.3322522522522524,2.312910485342466
P09252,45-59,Man,North,Degree,7.1,0.061237,1,0.6375257731958762,0.5694831182261657
P09261,30-44,Man,South,No degree,4.7,0.038239,1,1.0373821989528795,1.1009205922340977
P09274,60+,Woman,North,No degree,4.2,0.01841,1,2.3322522522522524,2.0200816345539305
P09278,18-29,Man,North,Degree,7.6,0.053563,1,0.8527935222672065,0.7485652746153514
P09308,45-59,Man,Midlands,No degree,8.0,0.043192,1,0.8886324786324786,0.9320604576512047
P09314,45-59,Woman,North,No degree,2.9,0.043192,1,0.8886324786324786,0.9125361920115775
P09338,18-29,Man,London,Degree,6.9,0.060918,1,0.8527935222672065,0.6542638188747341
P09339,30-44,Woman,South,Degree,3.0,0.057214,1,0.6961,0.6870474807172545
P09365,18-29,Woman,Midlands,No degree,3.0,0.034173,1,1.099366515837104,1.2251602727276898
P09367,45-59,Woman,North,Degree,6.0,0.061237,1,0.6375257731958762,0.5694831182261657
P09376,30-44,Woman,South,No degree,4.8,0.038239,1,1.0373821989528795,1.1009205922340977
P09391,30-44,Man,South,Degree,7.4,0.057214,1,0.6961,0.6870474807172545
P09398,60+,Man,Scotland/Wales,No degree,3.8,0.015204,1,2.3322522522522524,2.312910485342466
P09417,30-44,Man,London,Degree,4.9,0.063968,1,0.6961,0.5766006518454402
P09425,18-29,Man,North,No degree,4.6,0.034173,1,1.099366515837104,1.1994963209748883
P09443,18-29,Man,Midlands,No degree,4.5,0.034173,1,1.099366515837104,1.2251602727276898
P09472,60+,Man,North,No degree,6.4,0.01841,1,2.3322522522522524,2.0200816345539305
P09533,45-59,Woman,London,Degree,9.2,0.067212,1,0.6375257731958762,0.49774176327748904
P09564,18-29,Woman,Midlands,Degree,6.9,0.053563,1,0.8527935222672065,0.7645812829645364
P09588,45-59,Woman,Midlands,Degree,7.9,0.061237,1,0.6375257731958762,0.5816675551557531
P09594,30-44,Woman,North,No degree,5.7,0.038239,1,1.0373821989528795,1.0571123461325747
P09595,30-44,Man,London,Degree,8.3,0.063968,1,0.6961,0.5766006518454402
P09652,30-44,Man,North,Degree,6.7,0.057214,1,0.6961,0.6597082290664027
P09670,30-44,Man,South,Degree,6.9,0.057214,1,0.6961,0.6870474807172545
P09676,18-29,Woman,London,Degree,3.2,0.060918,1,0.8527935222672065,0.6542638188747341
P09681,30-44,Man,Midlands,Degree,7.4,0.057214,1,0.6961,0.6738230869993773
P09760,30-44,Man,South,No degree,2.8,0.038239,1,1.0373821989528795,1.1009205922340977
P09776,45-59,Man,North,No degree,6.1,0.043192,1,0.8886324786324786,0.9125361920115775
P09849,45-59,Man,Midlands,Degree,6.0,0.061237,1,0.6375257731958762,0.5816675551557531
P09854,60+,Woman,Scotland/Wales,No degree,6.5,0.015204,1,2.3322522522522524,2.312910485342466
P09879,30-44,Woman,North,No degree,6.1,0.038239,1,1.0373821989528795,1.0571123461325747
P09900,30-44,Man,South,No degree,5.5,0.038239,1,1.0373821989528795,1.1009205922340977
P10015,30-44,Woman,Scotland/Wales,No degree,3.8,0.033374,1,1.0373821989528795,1.2103502094829488
P10030,30-44,Man,South,Degree,3.6,0.057214,1,0.6961,0.6870474807172545
P10082,45-59,Man,London,No degree,2.5,0.05165,1,0.8886324786324786,0.7975782928932811
P10094,30-44,Woman,South,Degree,4.4,0.057214,1,0.6961,0.6870474807172545
P10151,30-44,Man,London,No degree,4.8,0.046879,1,1.0373821989528795,0.9239412834314563
P10154,30-44,Woman,South,Degree,9.1,0.057214,1,0.6961,0.6870474807172545
P10225,30-44,Non-binary / other,North,Degree,7.3,0.057214,1,0.6961,0.6597082290664027
P10245,30-44,Woman,Midlands,Degree,5.3,0.057214,1,0.6961,0.6738230869993773
P10249,60+,Man,London,Degree,6.1,0.044016,1,0.9024852071005918,1.1018510866192461
P10253,45-59,Man,London,Degree,5.0,0.067212,1,0.6375257731958762,0.49774176327748904
P10321,30-44,Woman,North,No degree,4.2,0.038239,1,1.0373821989528795,1.0571123461325747
P10393,45-59,Woman,Midlands,No degree,5.3,0.043192,1,0.8886324786324786,0.9320604576512047
P10418,18-29,Non-binary / other,North,Degree,5.9,0.053563,1,0.8527935222672065,0.7485652746153514
P10421,18-29,Man,Midlands,No degree,5.8,0.034173,1,1.099366515837104,1.2251602727276898
P10463,45-59,Woman,North,No degree,6.5,0.043192,1,0.8886324786324786,0.9125361920115775
P10470,45-59,Man,North,No degree,6.4,0.043192,1,0.8886324786324786,0.9125361920115775
P10484,18-29,Man,North,No degree,4.2,0.034173,1,1.099366515837104,1.1994963209748883
P10504,30-44,Woman,London,No degree,4.5,0.046879,1,1.0373821989528795,0.9239412834314563
P10567,18-29,Woman,Scotland/Wales,No degree,5.6,0.029482,1,1.099366515837104,1.3733740114543207
P10593,30-44,Woman,South,Degree,4.1,0.057214,1,0.6961,0.6870474807172545
P10675,30-44,Woman,London,Degree,6.4,0.063968,1,0.6961,0.5766006518454402
P10693,30-44,Woman,Midlands,Degree,6.7,0.057214,1,0.6961,0.6738230869993773
P10703,60+,Woman,South,No degree,6.1,0.01841,1,2.3322522522522524,2.1037967039270837
P10705,18-29,Man,Scotland/Wales,No degree,4.4,0.029482,1,1.099366515837104,1.3733740114543207
P10707,45-59,Man,Scotland/Wales,Degree,8.7,0.057214,1,0.6375257731958762,0.6520347756449332
P10717,18-29,Woman,South,No degree,2.3,0.034173,1,1.099366515837104,1.249205162442292
P10736,18-29,Woman,South,Degree,7.2,0.053563,1,0.8527935222672065,0.7795868891990588
P10764,18-29,Man,Midlands,Degree,5.2,0.053563,1,0.8527935222672065,0.7645812829645364
P10769,45-59,Man,Scotland/Wales,No degree,2.9,0.038239,1,0.8886324786324786,1.0448164522935846
P10779,60+,Woman,London,Degree,7.6,0.044016,1,0.9024852071005918,1.1018510866192461
P10783,18-29,Woman,Scotland/Wales,Degree,4.2,0.048894,1,0.8527935222672065,0.8570764879031357
P10811,45-59,Man,South,No degree,5.8,0.043192,1,0.8886324786324786,0.9503529957055676
P10830,30-44,Woman,South,No degree,5.7,0.038239,1,1.0373821989528795,1.1009205922340977
P10840,18-29,Man,London,No degree,5.0,0.042779,1,1.099366515837104,1.0483882572438128
P10917,30-44,Man,Midlands,Degree,6.1,0.057214,1,0.6961,0.6738230869993773
P10942,45-59,Man,Scotland/Wales,Degree,6.6,0.057214,1,0.6375257731958762,0.6520347756449332
P10966,18-29,Man,North,Degree,2.2,0.053563,1,0.8527935222672065,0.7485652746153514
P11034,60+,Man,Midlands,No degree,5.6,0.01841,1,2.3322522522522524,2.0633025070979794
P11038,45-59,Woman,South,No degree,5.5,0.043192,1,0.8886324786324786,0.9503529957055676
P11081,60+,Man,London,Degree,7.7,0.044016,1,0.9024852071005918,1.1018510866192461
P11093,60+,Man,Midlands,No degree,9.2,0.01841,1,2.3322522522522524,2.0633025070979794
P11109,30-44,Woman,Midlands,No degree,4.8,0.038239,1,1.0373821989528795,1.0797299063318317
P11136,30-44,Man,North,No degree,3.9,0.038239,1,1.0373821989528795,1.0571123461325747
P11173,30-44,Woman,North,No degree,4.6,0.038239,1,1.0373821989528795,1.0571123461325747
P11179,60+,Man,North,Degree,7.5,0.035381,1,0.9024852071005918,1.2606649450048188
P11237,60+,Woman,North,Degree,7.8,0.035381,1,0.9024852071005918,1.2606649450048188
P11300,60+,Woman,North,Degree,9.1,0.035381,1,0.9024852071005918,1.2606649450048188
P11310,30-44,Woman,London,Degree,6.7,0.063968,1,0.6961,0.5766006518454402
P11324,18-29,Man,London,Degree,7.2,0.060918,1,0.8527935222672065,0.6542638188747341
P11350,18-29,Woman,Midlands,No degree,4.8,0.034173,1,1.099366515837104,1.2251602727276898
P11358,30-44,Man,Midlands,No degree,4.5,0.038239,1,1.0373821989528795,1.0797299063318317
P11360,60+,Woman,Midlands,Degree,7.0,0.035381,1,0.9024852071005918,1.2876376365915312
P11362,45-59,Woman,London,No degree,7.3,0.05165,1,0.8886324786324786,0.7975782928932811
P11367,45-59,Woman,Scotland/Wales,Degree,6.0,0.057214,1,0.6375257731958762,0.6520347756449332
P11372,18-29,Non-binary / other,South,No degree,3.3,0.034173,1,1.099366515837104,1.249205162442292
P11377,60+,Woman,South,No degree,5.7,0.01841,1,2.3322522522522524,2.1037967039270837
P11412,45-59,Woman,South,No degree,4.3,0.043192,1,0.8886324786324786,0.9503529957055676
P11434,30-44,Man,London,No degree,6.8,0.046879,1,1.0373821989528795,0.9239412834314563
P11439,45-59,Woman,North,No degree,8.6,0.043192,1,0.8886324786324786,0.9125361920115775
P11440,30-44,Man,Midlands,Degree,4.7,0.057214,1,0.6961,0.6738230869993773
P11487,45-59,Woman,Scotland/Wales,Degree,6.0,0.057214,1,0.6375257731958762,0.6520347756449332
P11524,30-44,Man,South,No degree,5.7,0.038239,1,1.0373821989528795,1.1009205922340977
P11525,45-59,Woman,South,Degree,7.6,0.061237,1,0.6375257731958762,0.593083312363701
P11534,18-29,Woman,Midlands,Degree,6.2,0.053563,1,0.8527935222672065,0.7645812829645364
P11536,60+,Man,Scotland/Wales,No degree,6.8,0.015204,1,2.3322522522522524,2.312910485342466
P11538,30-44,Man,North,No degree,4.1,0.038239,1,1.0373821989528795,1.0571123461325747
P11559,45-59,Man,South,Degree,6.5,0.061237,1,0.6375257731958762,0.593083312363701
P11584,60+,Man,North,Degree,5.3,0.035381,1,0.9024852071005918,1.2606649450048188
P11596,18-29,Man,North,No degree,4.0,0.034173,1,1.099366515837104,1.1994963209748883
P11616,30-44,Man,Midlands,Degree,6.3,0.057214,1,0.6961,0.6738230869993773
P11621,30-44,Man,London,Degree,5.2,0.063968,1,0.6961,0.5766006518454402
P11656,60+,Man,North,Degree,6.0,0.035381,1,0.9024852071005918,1.2606649450048188
P11673,18-29,Woman,Midlands,No degree,5.2,0.034173,1,1.099366515837104,1.2251602727276898
P11691,60+,Man,North,No degree,5.6,0.01841,1,2.3322522522522524,2.0200816345539305
P11695,60+,Woman,Midlands,Degree,6.4,0.035381,1,0.9024852071005918,1.2876376365915312
P11756,30-44,Woman,London,Degree,7.2,0.063968,1,0.6961,0.5766006518454402
P11833,45-59,Woman,Scotland/Wales,No degree,5.4,0.038239,1,0.8886324786324786,1.0448164522935846
P11855,18-29,Woman,South,Degree,8.2,0.053563,1,0.8527935222672065,0.7795868891990588
P11879,45-59,Woman,London,Degree,4.7,0.067212,1,0.6375257731958762,0.49774176327748904
P11889,45-59,Woman,Midlands,No degree,3.6,0.043192,1,0.8886324786324786,0.9320604576512047
P11894,30-44,Woman,London,No degree,7.0,0.046879,1,1.0373821989528795,0.9239412834314563
P11926,30-44,Woman,South,No degree,3.8,0.038239,1,1.0373821989528795,1.1009205922340977
P11940,60+,Woman,London,No degree,6.9,0.025101,1,2.3322522522522524,1.7655992997285437
P11979,45-59,Woman,Midlands,No degree,5.2,0.043192,1,0.8886324786324786,0.9320604576512047
P11981,30-44,Man,London,Degree,5.9,0.063968,1,0.6961,0.5766006518454402
P11995,45-59,Woman,Scotland/Wales,No degree,6.0,0.038239,1,0.8886324786324786,1.0448164522935846
P11996,45-59,Woman,North,No degree,3.4,0.043192,1,0.8886324786324786,0.9125361920115775
P12027,60+,Man,Scotland/Wales,Degree,4.4,0.030629,1,0.9024852071005918,1.4434095731231131
P12107,18-29,Woman,South,Degree,5.0,0.053563,1,0.8527935222672065,0.7795868891990588
P12185,18-29,Man,London,Degree,5.5,0.060918,1,0.8527935222672065,0.6542638188747341
P12188,45-59,Woman,London,Degree,5.9,0.067212,1,0.6375257731958762,0.49774176327748904
P12220,30-44,Man,South,No degree,7.4,0.038239,1,1.0373821989528795,1.1009205922340977
P12240,45-59,Man,South,No degree,5.7,0.043192,1,0.8886324786324786,0.9503529957055676
P12245,30-44,Man,Midlands,No degree,5.1,0.038239,1,1.0373821989528795,1.0797299063318317
P12252,45-59,Man,South,No degree,5.0,0.043192,1,0.8886324786324786,0.9503529957055676
P12273,60+,Woman,North,Degree,5.5,0.035381,1,0.9024852071005918,1.2606649450048188
P12283,30-44,Man,North,No degree,6.0,0.038239,1,1.0373821989528795,1.0571123461325747
P12335,30-44,Man,Midlands,Degree,5.8,0.057214,1,0.6961,0.6738230869993773
P12414,18-29,Man,London,Degree,4.1,0.060918,1,0.8527935222672065,0.6542638188747341
P12423,18-29,Woman,Midlands,No degree,2.4,0.034173,1,1.099366515837104,1.2251602727276898
P12445,30-44,Man,Midlands,No degree,4.0,0.038239,1,1.0373821989528795,1.0797299063318317
P12446,45-59,Woman,North,No degree,6.2,0.043192,1,0.8886324786324786,0.9125361920115775
P12449,45-59,Woman,North,No degree,8.3,0.043192,1,0.8886324786324786,0.9125361920115775
P12485,30-44,Woman,London,Degree,7.5,0.063968,1,0.6961,0.5766006518454402
P12505,45-59,Woman,Midlands,No degree,5.9,0.043192,1,0.8886324786324786,0.9320604576512047
P12522,30-44,Man,London,Degree,5.3,0.063968,1,0.6961,0.5766006518454402
P12542,45-59,Man,South,Degree,5.1,0.061237,1,0.6375257731958762,0.593083312363701
P12602,30-44,Man,North,Degree,6.5,0.057214,1,0.6961,0.6597082290664027
P12609,60+,Woman,North,No degree,4.2,0.01841,1,2.3322522522522524,2.0200816345539305
P12611,45-59,Woman,South,No degree,4.8,0.043192,1,0.8886324786324786,0.9503529957055676
P12711,30-44,Man,South,No degree,0.0,0.038239,1,1.0373821989528795,1.1009205922340977
P12747,30-44,Non-binary / other,London,No degree,4.2,0.046879,1,1.0373821989528795,0.9239412834314563
P12752,30-44,Man,London,Degree,4.7,0.063968,1,0.6961,0.5766006518454402
P12760,45-59,Man,North,No degree,4.9,0.043192,1,0.8886324786324786,0.9125361920115775
P12790,30-44,Man,North,Degree,5.8,0.057214,1,0.6961,0.6597082290664027
P12806,30-44,Woman,London,No degree,5.3,0.046879,1,1.0373821989528795,0.9239412834314563
P12817,18-29,Man,Scotland/Wales,Degree,5.7,0.048894,1,0.8527935222672065,0.8570764879031357
P12849,30-44,Man,Midlands,No degree,7.4,0.038239,1,1.0373821989528795,1.0797299063318317
P12854,18-29,Man,London,No degree,5.6,0.042779,1,1.099366515837104,1.0483882572438128
P12861,45-59,Woman,London,Degree,5.9,0.067212,1,0.6375257731958762,0.49774176327748904
P12883,45-59,Man,London,Degree,6.6,0.067212,1,0.6375257731958762,0.49774176327748904
P12901,60+,Man,North,Degree,6.8,0.035381,1,0.9024852071005918,1.2606649450048188
P12987,18-29,Woman,London,Degree,6.7,0.060918,1,0.8527935222672065,0.6542638188747341
P13005,30-44,Woman,North,No degree,5.6,0.038239,1,1.0373821989528795,1.0571123461325747
P13010,45-59,Woman,Scotland/Wales,No degree,6.7,0.038239,1,0.8886324786324786,1.0448164522935846
P13026,30-44,Man,Midlands,Degree,7.1,0.057214,1,0.6961,0.6738230869993773
P13041,30-44,Woman,London,Degree,6.1,0.063968,1,0.6961,0.5766006518454402
P13053,18-29,Woman,South,Degree,5.1,0.053563,1,0.8527935222672065,0.7795868891990588
P13061,18-29,Woman,Scotland/Wales,Degree,6.2,0.048894,1,0.8527935222672065,0.8570764879031357
P13070,60+,Man,South,No degree,6.2,0.01841,1,2.3322522522522524,2.1037967039270837
P13089,60+,Woman,London,No degree,6.2,0.025101,1,2.3322522522522524,1.7655992997285437
P13143,30-44,Man,North,Degree,9.1,0.057214,1,0.6961,0.6597082290664027
P13147,45-59,Man,South,Degree,6.2,0.061237,1,0.6375257731958762,0.593083312363701
P13166,45-59,Woman,South,No degree,4.4,0.043192,1,0.8886324786324786,0.9503529957055676
P13182,18-29,Man,London,Degree,6.2,0.060918,1,0.8527935222672065,0.6542638188747341
P13189,18-29,Woman,South,No degree,4.2,0.034173,1,1.099366515837104,1.249205162442292
P13207,45-59,Man,South,No degree,4.5,0.043192,1,0.8886324786324786,0.9503529957055676
P13222,30-44,Woman,North,Degree,8.9,0.057214,1,0.6961,0.6597082290664027
P13232,60+,Man,Midlands,No degree,5.8,0.01841,1,2.3322522522522524,2.0633025070979794
P13233,60+,Woman,London,No degree,6.5,0.025101,1,2.3322522522522524,1.7655992997285437
P13238,30-44,Woman,South,No degree,6.5,0.038239,1,1.0373821989528795,1.1009205922340977
P13253,60+,Man,North,No degree,6.7,0.01841,1,2.3322522522522524,2.0200816345539305
P13272,18-29,Woman,London,Degree,8.1,0.060918,1,0.8527935222672065,0.6542638188747341
P13313,60+,Man,Scotland/Wales,Degree,5.9,0.030629,1,0.9024852071005918,1.4434095731231131
P13324,30-44,Woman,North,Degree,5.9,0.057214,1,0.6961,0.6597082290664027
P13353,45-59,Woman,Midlands,No degree,5.8,0.043192,1,0.8886324786324786,0.9320604576512047
P13365,30-44,Man,North,Degree,5.6,0.057214,1,0.6961,0.6597082290664027
P13414,18-29,Woman,North,No degree,6.1,0.034173,1,1.099366515837104,1.1994963209748883
P13438,18-29,Woman,South,Degree,4.3,0.053563,1,0.8527935222672065,0.7795868891990588
P13442,45-59,Woman,North,Degree,7.4,0.061237,1,0.6375257731958762,0.5694831182261657
P13453,30-44,Woman,North,Degree,5.3,0.057214,1,0.6961,0.6597082290664027
P13505,45-59,Woman,Midlands,Degree,5.6,0.061237,1,0.6375257731958762,0.5816675551557531
P13507,45-59,Man,Midlands,No degree,7.7,0.043192,1,0.8886324786324786,0.9320604576512047
P13508,18-29,Woman,South,No degree,5.3,0.034173,1,1.099366515837104,1.249205162442292
P13524,30-44,Man,London,Degree,6.9,0.063968,1,0.6961,0.5766006518454402
P13564,30-44,Man,London,Degree,6.3,0.063968,1,0.6961,0.5766006518454402
P13624,30-44,Man,South,No degree,3.3,0.038239,1,1.0373821989528795,1.1009205922340977
P13655,18-29,Woman,Midlands,Degree,8.3,0.053563,1,0.8527935222672065,0.7645812829645364
P13656,45-59,Man,London,No degree,6.1,0.05165,1,0.8886324786324786,0.7975782928932811
P13667,45-59,Man,South,No degree,4.3,0.043192,1,0.8886324786324786,0.9503529957055676
P13722,18-29,Woman,London,Degree,6.1,0.060918,1,0.8527935222672065,0.6542638188747341
P13765,18-29,Man,London,Degree,4.9,0.060918,1,0.8527935222672065,0.6542638188747341
P13831,45-59,Woman,North,No degree,5.7,0.043192,1,0.8886324786324786,0.9125361920115775
P13856,30-44,Woman,North,Degree,6.9,0.057214,1,0.6961,0.6597082290664027
P13870,45-59,Man,Midlands,No degree,5.5,0.043192,1,0.8886324786324786,0.9320604576512047
P13932,18-29,Woman,North,No degree,5.6,0.034173,1,1.099366515837104,1.1994963209748883
P13949,60+,Man,North,Degree,7.0,0.035381,1,0.9024852071005918,1.2606649450048188
P13951,18-29,Man,North,Degree,6.8,0.053563,1,0.8527935222672065,0.7485652746153514
P13953,45-59,Woman,Midlands,Degree,6.1,0.061237,1,0.6375257731958762,0.5816675551557531
P13979,18-29,Woman,Scotland/Wales,No degree,4.3,0.029482,1,1.099366515837104,1.3733740114543207
P13982,60+,Man,Midlands,No degree,8.6,0.01841,1,2.3322522522522524,2.0633025070979794
P14020,60+,Man,South,No degree,4.0,0.01841,1,2.3322522522522524,2.1037967039270837
P14062,60+,Woman,London,Degree,8.5,0.044016,1,0.9024852071005918,1.1018510866192461
P14100,45-59,Woman,North,Degree,7.0,0.061237,1,0.6375257731958762,0.5694831182261657
P14114,18-29,Man,North,No degree,4.0,0.034173,1,1.099366515837104,1.1994963209748883
P14117,45-59,Man,Midlands,Degree,3.9,0.061237,1,0.6375257731958762,0.5816675551557531
P14128,45-59,Man,North,No degree,8.5,0.043192,1,0.8886324786324786,0.9125361920115775
P14134,18-29,Woman,South,No degree,3.9,0.034173,1,1.099366515837104,1.249205162442292
P14138,18-29,Man,South,Degree,4.5,0.053563,1,0.8527935222672065,0.7795868891990588
P14143,45-59,Man,Scotland/Wales,Degree,8.9,0.057214,1,0.6375257731958762,0.6520347756449332
P14178,45-59,Woman,North,No degree,6.4,0.043192,1,0.8886324786324786,0.9125361920115775
P14252,30-44,Woman,London,Degree,6.7,0.063968,1,0.6961,0.5766006518454402
P14255,30-44,Woman,Scotland/Wales,No degree,5.9,0.033374,1,1.0373821989528795,1.2103502094829488
P14266,45-59,Woman,North,Degree,3.8,0.061237,1,0.6375257731958762,0.5694831182261657
P14287,60+,Woman,North,No degree,7.5,0.01841,1,2.3322522522522524,2.0200816345539305
P14329,30-44,Woman,South,Degree,7.9,0.057214,1,0.6961,0.6870474807172545
P14450,60+,Woman,South,No degree,4.0,0.01841,1,2.3322522522522524,2.1037967039270837
P14487,30-44,Man,North,Degree,6.1,0.057214,1,0.6961,0.6597082290664027
P14489,45-59,Man,London,No degree,8.2,0.05165,1,0.8886324786324786,0.7975782928932811
P14494,60+,Woman,London,No degree,6.8,0.025101,1,2.3322522522522524,1.7655992997285437
P14549,45-59,Woman,Scotland/Wales,No degree,6.1,0.038239,1,0.8886324786324786,1.0448164522935846
P14596,18-29,Woman,North,Degree,3.6,0.053563,1,0.8527935222672065,0.7485652746153514
P14597,60+,Woman,North,No degree,8.0,0.01841,1,2.3322522522522524,2.0200816345539305
P14619,45-59,Man,Midlands,Degree,3.4,0.061237,1,0.6375257731958762,0.5816675551557531
P14623,45-59,Man,North,Degree,5.4,0.061237,1,0.6375257731958762,0.5694831182261657
P14626,18-29,Man,Midlands,Degree,6.3,0.053563,1,0.8527935222672065,0.7645812829645364
P14644,30-44,Woman,Midlands,Degree,7.7,0.057214,1,0.6961,0.6738230869993773
P14764,60+,Woman,Scotland/Wales,Degree,8.9,0.030629,1,0.9024852071005918,1.4434095731231131
P14771,45-59,Woman,Scotland/Wales,No degree,3.2,0.038239,1,0.8886324786324786,1.0448164522935846
P14835,45-59,Woman,North,No degree,4.7,0.043192,1,0.8886324786324786,0.9125361920115775
P14880,45-59,Man,South,No degree,4.5,0.043192,1,0.8886324786324786,0.9503529957055676
P14883,45-59,Woman,North,No degree,5.2,0.043192,1,0.8886324786324786,0.9125361920115775
P14891,45-59,Man,London,Degree,7.0,0.067212,1,0.6375257731958762,0.49774176327748904
P14905,45-59,Woman,Midlands,Degree,4.7,0.061237,1,0.6375257731958762,0.5816675551557531
P14919,45-59,Woman,North,No degree,2.6,0.043192,1,0.8886324786324786,0.9125361920115775
P14927,60+,Man,North,No degree,4.9,0.01841,1,2.3322522522522524,2.0200816345539305
P14930,45-59,Woman,North,Degree,9.3,0.061237,1,0.6375257731958762,0.5694831182261657
P14967,60+,Man,North,Degree,8.5,0.035381,1,0.9024852071005918,1.2606649450048188
P14976,45-59,Woman,North,No degree,6.8,0.043192,1,0.8886324786324786,0.9125361920115775
P15002,45-59,Woman,South,No degree,4.0,0.043192,1,0.8886324786324786,0.9503529957055676
P15005,60+,Woman,North,No degree,5.9,0.01841,1,2.3322522522522524,2.0200816345539305
P15056,30-44,Man,London,Degree,4.3,0.063968,1,0.6961,0.5766006518454402
P15057,18-29,Woman,Scotland/Wales,No degree,2.5,0.029482,1,1.099366515837104,1.3733740114543207
P15073,45-59,Man,London,No degree,2.0,0.05165,1,0.8886324786324786,0.7975782928932811
P15077,18-29,Woman,North,No degree,6.1,0.034173,1,1.099366515837104,1.1994963209748883
P15110,45-59,Man,London,No degree,5.9,0.05165,1,0.8886324786324786,0.7975782928932811
P15138,60+,Woman,North,Degree,10.0,0.035381,1,0.9024852071005918,1.2606649450048188
P15140,30-44,Woman,London,Degree,7.4,0.063968,1,0.6961,0.5766006518454402
P15143,45-59,Man,Midlands,No degree,6.4,0.043192,1,0.8886324786324786,0.9320604576512047
P15161,60+,Woman,South,No degree,4.3,0.01841,1,2.3322522522522524,2.1037967039270837
P15178,60+,Man,South,No degree,3.5,0.01841,1,2.3322522522522524,2.1037967039270837
P15223,45-59,Man,North,Degree,9.0,0.061237,1,0.6375257731958762,0.5694831182261657
P15228,45-59,Woman,Midlands,No degree,7.8,0.043192,1,0.8886324786324786,0.9320604576512047
P15268,18-29,Man,Midlands,No degree,5.1,0.034173,1,1.099366515837104,1.2251602727276898
P15280,18-29,Man,South,Degree,8.5,0.053563,1,0.8527935222672065,0.7795868891990588
P15310,45-59,Woman,North,No degree,3.4,0.043192,1,0.8886324786324786,0.9125361920115775
P15318,18-29,Man,South,Degree,3.6,0.053563,1,0.8527935222672065,0.7795868891990588
P15340,60+,Woman,South,No degree,4.0,0.01841,1,2.3322522522522524,2.1037967039270837
P15343,18-29,Man,South,Degree,2.7,0.053563,1,0.8527935222672065,0.7795868891990588
P15383,18-29,Woman,North,Degree,4.7,0.053563,1,0.8527935222672065,0.7485652746153514
P15390,45-59,Man,Midlands,Degree,4.9,0.061237,1,0.6375257731958762,0.5816675551557531
P15391,18-29,Woman,South,No degree,5.6,0.034173,1,1.099366515837104,1.249205162442292
P15398,45-59,Woman,South,No degree,3.2,0.043192,1,0.8886324786324786,0.9503529957055676
P15429,18-29,Man,Scotland/Wales,No degree,4.0,0.029482,1,1.099366515837104,1.3733740114543207
P15442,45-59,Woman,Midlands,Degree,7.7,0.061237,1,0.6375257731958762,0.5816675551557531
P15484,30-44,Woman,London,Degree,5.0,0.063968,1,0.6961,0.5766006518454402
P15519,60+,Woman,North,Degree,6.3,0.035381,1,0.9024852071005918,1.2606649450048188
P15549,18-29,Woman,North,Degree,6.6,0.053563,1,0.8527935222672065,0.7485652746153514
P15574,30-44,Woman,North,Degree,6.4,0.057214,1,0.6961,0.6597082290664027
P15582,30-44,Man,South,Degree,5.7,0.057214,1,0.6961,0.6870474807172545
P15585,30-44,Woman,Midlands,No degree,4.9,0.038239,1,1.0373821989528795,1.0797299063318317
P15634,45-59,Woman,North,No degree,5.9,0.043192,1,0.8886324786324786,0.9125361920115775
P15636,60+,Man,South,Degree,6.5,0.035381,1,0.9024852071005918,1.3129087016541312
P15781,30-44,Man,North,No degree,5.3,0.038239,1,1.0373821989528795,1.0571123461325747
P15783,45-59,Man,North,No degree,5.3,0.043192,1,0.8886324786324786,0.9125361920115775
P15784,60+,Man,Midlands,No degree,7.0,0.01841,1,2.3322522522522524,2.0633025070979794
P15813,30-44,Woman,Midlands,No degree,3.7,0.038239,1,1.0373821989528795,1.0797299063318317
P15890,30-44,Man,Midlands,Degree,4.5,0.057214,1,0.6961,0.6738230869993773
P15896,30-44,Woman,South,Degree,7.3,0.057214,1,0.6961,0.6870474807172545
P15931,60+,Woman,North,No degree,5.7,0.01841,1,2.3322522522522524,2.0200816345539305
P15954,60+,Man,North,Degree,8.3,0.035381,1,0.9024852071005918,1.2606649450048188
P16031,30-44,Man,Midlands,No degree,2.6,0.038239,1,1.0373821989528795,1.0797299063318317
P16038,45-59,Woman,London,No degree,4.7,0.05165,1,0.8886324786324786,0.7975782928932811
P16044,45-59,Man,Scotland/Wales,No degree,6.1,0.038239,1,0.8886324786324786,1.0448164522935846
P16093,18-29,Man,South,Degree,6.1,0.053563,1,0.8527935222672065,0.7795868891990588
P16119,18-29,Man,Midlands,No degree,3.6,0.034173,1,1.099366515837104,1.2251602727276898
P16124,45-59,Woman,London,Degree,3.8,0.067212,1,0.6375257731958762,0.49774176327748904
P16187,60+,Woman,South,Degree,7.3,0.035381,1,0.9024852071005918,1.3129087016541312
P16214,45-59,Man,South,No degree,4.5,0.043192,1,0.8886324786324786,0.9503529957055676
P16254,30-44,Man,North,No degree,4.9,0.038239,1,1.0373821989528795,1.0571123461325747
P16277,45-59,Woman,South,No degree,6.1,0.043192,1,0.8886324786324786,0.9503529957055676
P16299,30-44,Woman,South,No degree,3.7,0.038239,1,1.0373821989528795,1.1009205922340977
P16307,45-59,Woman,South,Degree,4.9,0.061237,1,0.6375257731958762,0.593083312363701
P16337,60+,Man,London,Degree,6.3,0.044016,1,0.9024852071005918,1.1018510866192461
P16339,45-59,Woman,South,No degree,3.5,0.043192,1,0.8886324786324786,0.9503529957055676
P16352,45-59,Woman,South,No degree,5.9,0.043192,1,0.8886324786324786,0.9503529957055676
P16379,30-44,Man,South,Degree,4.7,0.057214,1,0.6961,0.6870474807172545
P16382,45-59,Woman,North,Degree,4.4,0.061237,1,0.6375257731958762,0.5694831182261657
P16417,45-59,Woman,Midlands,No degree,6.4,0.043192,1,0.8886324786324786,0.9320604576512047
P16428,45-59,Man,North,No degree,6.2,0.043192,1,0.8886324786324786,0.9125361920115775
P16458,45-59,Man,Midlands,Degree,7.5,0.061237,1,0.6375257731958762,0.5816675551557531
P16468,18-29,Man,Midlands,No degree,7.3,0.034173,1,1.099366515837104,1.2251602727276898
P16493,18-29,Man,North,No degree,3.7,0.034173,1,1.099366515837104,1.1994963209748883
P16500,30-44,Man,Midlands,Degree,5.3,0.057214,1,0.6961,0.6738230869993773
P16550,60+,Man,South,No degree,5.1,0.01841,1,2.3322522522522524,2.1037967039270837
P16600,18-29,Man,North,Degree,4.5,0.053563,1,0.8527935222672065,0.7485652746153514
P16609,30-44,Man,Midlands,No degree,4.6,0.038239,1,1.0373821989528795,1.0797299063318317
P16615,30-44,Man,Midlands,No degree,6.2,0.038239,1,1.0373821989528795,1.0797299063318317
P16620,30-44,Woman,North,Degree,6.9,0.057214,1,0.6961,0.6597082290664027
P16623,30-44,Man,Midlands,Degree,7.0,0.057214,1,0.6961,0.6738230869993773
P16632,45-59,Man,Midlands,No degree,6.6,0.043192,1,0.8886324786324786,0.9320604576512047
P16649,18-29,Woman,South,No degree,6.5,0.034173,1,1.099366515837104,1.249205162442292
P16687,45-59,Man,South,Degree,6.4,0.061237,1,0.6375257731958762,0.593083312363701
P16695,30-44,Woman,Midlands,No degree,6.3,0.038239,1,1.0373821989528795,1.0797299063318317
P16737,30-44,Woman,London,Degree,6.2,0.063968,1,0.6961,0.5766006518454402
P16751,18-29,Man,Scotland/Wales,Degree,5.4,0.048894,1,0.8527935222672065,0.8570764879031357
P16757,30-44,Man,Scotland/Wales,No degree,2.3,0.033374,1,1.0373821989528795,1.2103502094829488
P16768,30-44,Man,South,Degree,6.7,0.057214,1,0.6961,0.6870474807172545
P16789,30-44,Woman,Midlands,No degree,5.5,0.038239,1,1.0373821989528795,1.0797299063318317
P16808,45-59,Man,South,No degree,3.0,0.043192,1,0.8886324786324786,0.9503529957055676
P16817,45-59,Man,Midlands,No degree,1.8,0.043192,1,0.8886324786324786,0.9320604576512047
P16836,30-44,Woman,Midlands,No degree,4.3,0.038239,1,1.0373821989528795,1.0797299063318317
P16845,30-44,Man,North,Degree,4.2,0.057214,1,0.6961,0.6597082290664027
P16849,30-44,Man,North,Degree,6.5,0.057214,1,0.6961,0.6597082290664027
P16856,30-44,Man,North,No degree,7.3,0.038239,1,1.0373821989528795,1.0571123461325747
P16874,45-59,Man,London,No degree,4.6,0.05165,1,0.8886324786324786,0.7975782928932811
P16885,60+,Man,North,No degree,3.0,0.01841,1,2.3322522522522524,2.0200816345539305
P16903,45-59,Woman,Scotland/Wales,No degree,5.0,0.038239,1,0.8886324786324786,1.0448164522935846
P16908,60+,Man,Midlands,No degree,5.3,0.01841,1,2.3322522522522524,2.0633025070979794
P16913,60+,Man,Scotland/Wales,No degree,6.0,0.015204,1,2.3322522522522524,2.312910485342466
P16918,60+,Man,Scotland/Wales,No degree,4.8,0.015204,1,2.3322522522522524,2.312910485342466
P16922,45-59,Woman,Midlands,Degree,6.2,0.061237,1,0.6375257731958762,0.5816675551557531
P16938,60+,Woman,South,No degree,6.6,0.01841,1,2.3322522522522524,2.1037967039270837
P16946,45-59,Man,Midlands,No degree,5.5,0.043192,1,0.8886324786324786,0.9320604576512047
P16990,45-59,Woman,Midlands,Degree,4.3,0.061237,1,0.6375257731958762,0.5816675551557531
P17012,30-44,Man,Midlands,No degree,5.4,0.038239,1,1.0373821989528795,1.0797299063318317
P17017,60+,Woman,Midlands,No degree,5.2,0.01841,1,2.3322522522522524,2.0633025070979794
P17030,45-59,Man,Midlands,Degree,5.5,0.061237,1,0.6375257731958762,0.5816675551557531
P17064,30-44,Woman,Scotland/Wales,Degree,2.1,0.052804,1,0.6961,0.7553388210528066
P17127,45-59,Woman,North,No degree,7.3,0.043192,1,0.8886324786324786,0.9125361920115775
P17128,30-44,Man,Scotland/Wales,No degree,3.9,0.033374,1,1.0373821989528795,1.2103502094829488
P17161,18-29,Man,South,No degree,4.1,0.034173,1,1.099366515837104,1.249205162442292
P17170,18-29,Woman,North,Degree,4.3,0.053563,1,0.8527935222672065,0.7485652746153514
P17221,45-59,Man,North,No degree,6.7,0.043192,1,0.8886324786324786,0.9125361920115775
P17234,60+,Woman,Midlands,No degree,3.9,0.01841,1,2.3322522522522524,2.0633025070979794
P17255,30-44,Man,North,Degree,4.1,0.057214,1,0.6961,0.6597082290664027
P17267,60+,Woman,London,No degree,7.2,0.025101,1,2.3322522522522524,1.7655992997285437
P17274,45-59,Woman,London,No degree,5.1,0.05165,1,0.8886324786324786,0.7975782928932811
P17275,18-29,Woman,London,Degree,4.9,0.060918,1,0.8527935222672065,0.6542638188747341
P17361,45-59,Woman,Midlands,No degree,5.4,0.043192,1,0.8886324786324786,0.9320604576512047
P17390,45-59,Woman,North,No degree,5.9,0.043192,1,0.8886324786324786,0.9125361920115775
P17404,45-59,Man,North,Degree,9.4,0.061237,1,0.6375257731958762,0.5694831182261657
P17407,30-44,Man,South,No degree,4.8,0.038239,1,1.0373821989528795,1.1009205922340977
P17436,30-44,Man,Midlands,Degree,5.8,0.057214,1,0.6961,0.6738230869993773
P17442,18-29,Woman,Scotland/Wales,No degree,4.1,0.029482,1,1.099366515837104,1.3733740114543207
P17459,30-44,Man,London,Degree,5.1,0.063968,1,0.6961,0.5766006518454402
P17498,60+,Man,Midlands,No degree,4.8,0.01841,1,2.3322522522522524,2.0633025070979794
P17528,45-59,Woman,North,No degree,4.9,0.043192,1,0.8886324786324786,0.9125361920115775
P17545,30-44,Man,Midlands,No degree,5.4,0.038239,1,1.0373821989528795,1.0797299063318317
P17552,60+,Man,Midlands,Degree,8.9,0.035381,1,0.9024852071005918,1.2876376365915312
P17570,45-59,Man,South,No degree,4.2,0.043192,1,0.8886324786324786,0.9503529957055676
P17584,30-44,Woman,Scotland/Wales,No degree,4.5,0.033374,1,1.0373821989528795,1.2103502094829488
P17628,45-59,Man,Midlands,No degree,4.7,0.043192,1,0.8886324786324786,0.9320604576512047
P17644,60+,Man,London,No degree,5.1,0.025101,1,2.3322522522522524,1.7655992997285437
P17697,18-29,Woman,North,No degree,5.3,0.034173,1,1.099366515837104,1.1994963209748883
P17703,30-44,Woman,Midlands,Degree,5.2,0.057214,1,0.6961,0.6738230869993773
P17737,30-44,Woman,North,Degree,5.3,0.057214,1,0.6961,0.6597082290664027
P17754,45-59,Woman,North,Degree,8.9,0.061237,1,0.6375257731958762,0.5694831182261657
P17758,60+,Woman,South,No degree,4.4,0.01841,1,2.3322522522522524,2.1037967039270837
P17835,45-59,Woman,London,No degree,5.9,0.05165,1,0.8886324786324786,0.7975782928932811
P17836,45-59,Man,Midlands,No degree,6.1,0.043192,1,0.8886324786324786,0.9320604576512047
P17853,45-59,Man,Midlands,No degree,5.5,0.043192,1,0.8886324786324786,0.9320604576512047
P17869,18-29,Woman,North,No degree,7.2,0.034173,1,1.099366515837104,1.1994963209748883
P17915,30-44,Woman,South,No degree,5.7,0.038239,1,1.0373821989528795,1.1009205922340977
P17918,45-59,Woman,South,No degree,4.5,0.043192,1,0.8886324786324786,0.9503529957055676
P17933,30-44,Woman,London,Degree,6.7,0.063968,1,0.6961,0.5766006518454402
P17934,18-29,Man,Midlands,No degree,6.0,0.034173,1,1.099366515837104,1.2251602727276898
P17940,18-29,Woman,South,No degree,2.9,0.034173,1,1.099366515837104,1.249205162442292
P17942,60+,Woman,South,Degree,7.5,0.035381,1,0.9024852071005918,1.3129087016541312
P17961,60+,Woman,South,Degree,5.3,0.035381,1,0.9024852071005918,1.3129087016541312
P17963,30-44,Woman,North,Degree,6.9,0.057214,1,0.6961,0.6597082290664027
P17967,30-44,Woman,South,No degree,6.0,0.038239,1,1.0373821989528795,1.1009205922340977
P17984,45-59,Man,Scotland/Wales,No degree,6.1,0.038239,1,0.8886324786324786,1.0448164522935846
P18136,18-29,Man,Scotland/Wales,Degree,5.3,0.048894,1,0.8527935222672065,0.8570764879031357
P18143,45-59,Non-binary / other,Scotland/Wales,No degree,7.2,0.038239,1,0.8886324786324786,1.0448164522935846
P18195,30-44,Man,Midlands,No degree,6.0,0.038239,1,1.0373821989528795,1.0797299063318317
P18235,45-59,Man,Midlands,Degree,5.4,0.061237,1,0.6375257731958762,0.5816675551557531
P18255,30-44,Man,North,No degree,4.2,0.038239,1,1.0373821989528795,1.0571123461325747
P18316,45-59,Man,London,No degree,4.6,0.05165,1,0.8886324786324786,0.7975782928932811
P18357,30-44,Man,North,No degree,4.9,0.038239,1,1.0373821989528795,1.0571123461325747
P18390,60+,Man,South,No degree,6.7,0.01841,1,2.3322522522522524,2.1037967039270837
P18391,30-44,Man,Scotland/Wales,Degree,6.6,0.052804,1,0.6961,0.7553388210528066
P18437,45-59,Man,North,Degree,6.8,0.061237,1,0.6375257731958762,0.5694831182261657
P18444,18-29,Woman,Midlands,No degree,7.9,0.034173,1,1.099366515837104,1.2251602727276898
P18492,60+,Man,Midlands,No degree,5.2,0.01841,1,2.3322522522522524,2.0633025070979794
P18498,18-29,Man,South,No degree,6.4,0.034173,1,1.099366515837104,1.249205162442292
P18543,45-59,Man,South,No degree,4.5,0.043192,1,0.8886324786324786,0.9503529957055676
P18560,60+,Man,South,No degree,4.9,0.01841,1,2.3322522522522524,2.1037967039270837
P18604,30-44,Woman,North,No degree,5.3,0.038239,1,1.0373821989528795,1.0571123461325747
P18621,30-44,Man,North,Degree,3.1,0.057214,1,0.6961,0.6597082290664027
P18632,30-44,Man,London,Degree,5.0,0.063968,1,0.6961,0.5766006518454402
P18635,30-44,Man,London,Degree,6.6,0.063968,1,0.6961,0.5766006518454402
P18649,45-59,Woman,London,Degree,5.8,0.067212,1,0.6375257731958762,0.49774176327748904
P18652,18-29,Woman,London,Degree,3.0,0.060918,1,0.8527935222672065,0.6542638188747341
P18746,30-44,Woman,North,Degree,5.7,0.057214,1,0.6961,0.6597082290664027
P18762,45-59,Woman,London,No degree,4.3,0.05165,1,0.8886324786324786,0.7975782928932811
P18777,30-44,Woman,South,No degree,5.4,0.038239,1,1.0373821989528795,1.1009205922340977
P18834,18-29,Man,London,No degree,7.0,0.042779,1,1.099366515837104,1.0483882572438128
P18838,18-29,Woman,London,No degree,3.3,0.042779,1,1.099366515837104,1.0483882572438128
P18870,30-44,Woman,Scotland/Wales,No degree,5.2,0.033374,1,1.0373821989528795,1.2103502094829488
P18885,30-44,Man,North,Degree,6.9,0.057214,1,0.6961,0.6597082290664027
P18889,30-44,Woman,South,Degree,6.0,0.057214,1,0.6961,0.6870474807172545
P18918,18-29,Woman,Midlands,Degree,6.5,0.053563,1,0.8527935222672065,0.7645812829645364
P18927,30-44,Man,North,Degree,6.1,0.057214,1,0.6961,0.6597082290664027
P18962,30-44,Woman,Scotland/Wales,Degree,3.5,0.052804,1,0.6961,0.7553388210528066
P19004,60+,Man,North,No degree,3.6,0.01841,1,2.3322522522522524,2.0200816345539305
P19028,30-44,Man,North,No degree,5.3,0.038239,1,1.0373821989528795,1.0571123461325747
P19035,18-29,Woman,London,Degree,6.0,0.060918,1,0.8527935222672065,0.6542638188747341
P19056,30-44,Man,North,No degree,3.7,0.038239,1,1.0373821989528795,1.0571123461325747
P19057,60+,Man,North,No degree,7.5,0.01841,1,2.3322522522522524,2.0200816345539305
P19069,30-44,Woman,North,No degree,8.5,0.038239,1,1.0373821989528795,1.0571123461325747
P19083,60+,Man,Scotland/Wales,No degree,5.0,0.015204,1,2.3322522522522524,2.312910485342466
P19085,30-44,Man,London,No degree,3.7,0.046879,1,1.0373821989528795,0.9239412834314563
P19088,45-59,Man,Midlands,Degree,5.2,0.061237,1,0.6375257731958762,0.5816675551557531
P19092,30-44,Woman,South,Degree,5.2,0.057214,1,0.6961,0.6870474807172545
P19122,30-44,Man,Midlands,No degree,6.5,0.038239,1,1.0373821989528795,1.0797299063318317
P19123,30-44,Woman,Midlands,Degree,5.6,0.057214,1,0.6961,0.6738230869993773
P19163,30-44,Woman,South,No degree,5.5,0.038239,1,1.0373821989528795,1.1009205922340977
P19201,30-44,Man,London,Degree,5.5,0.063968,1,0.6961,0.5766006518454402
P19325,18-29,Woman,London,No degree,4.1,0.042779,1,1.099366515837104,1.0483882572438128
P19330,45-59,Man,London,Degree,6.3,0.067212,1,0.6375257731958762,0.49774176327748904
P19350,60+,Woman,North,No degree,5.0,0.01841,1,2.3322522522522524,2.0200816345539305
P19373,60+,Man,North,Degree,9.3,0.035381,1,0.9024852071005918,1.2606649450048188
P19401,45-59,Woman,London,Degree,5.4,0.067212,1,0.6375257731958762,0.49774176327748904
P19420,60+,Man,Scotland/Wales,No degree,7.6,0.015204,1,2.3322522522522524,2.312910485342466
P19480,60+,Woman,North,No degree,7.1,0.01841,1,2.3322522522522524,2.0200816345539305
P19487,18-29,Woman,London,Degree,2.7,0.060918,1,0.8527935222672065,0.6542638188747341
P19491,45-59,Man,London,No degree,5.7,0.05165,1,0.8886324786324786,0.7975782928932811
P19530,30-44,Man,North,Degree,7.8,0.057214,1,0.6961,0.6597082290664027
P19542,30-44,Man,North,No degree,6.0,0.038239,1,1.0373821989528795,1.0571123461325747
P19555,60+,Man,Scotland/Wales,Degree,5.0,0.030629,1,0.9024852071005918,1.4434095731231131
P19564,45-59,Man,North,No degree,7.8,0.043192,1,0.8886324786324786,0.9125361920115775
P19615,45-59,Man,South,No degree,6.2,0.043192,1,0.8886324786324786,0.9503529957055676
P19625,18-29,Woman,London,No degree,3.9,0.042779,1,1.099366515837104,1.0483882572438128
P19666,60+,Woman,North,Degree,7.9,0.035381,1,0.9024852071005918,1.2606649450048188
P19752,18-29,Woman,North,Degree,5.7,0.053563,1,0.8527935222672065,0.7485652746153514
P19800,30-44,Man,North,No degree,5.5,0.038239,1,1.0373821989528795,1.0571123461325747
P19829,60+,Man,Midlands,No degree,6.2,0.01841,1,2.3322522522522524,2.0633025070979794
P19849,30-44,Woman,North,No degree,1.7,0.038239,1,1.0373821989528795,1.0571123461325747
P19891,45-59,Woman,London,Degree,4.8,0.067212,1,0.6375257731958762,0.49774176327748904
P19908,30-44,Woman,North,No degree,5.0,0.038239,1,1.0373821989528795,1.0571123461325747
P19935,30-44,Man,South,No degree,6.7,0.038239,1,1.0373821989528795,1.1009205922340977
P19975,18-29,Man,London,Degree,6.6,0.060918,1,0.8527935222672065,0.6542638188747341
P19996,30-44,Man,South,No degree,5.3,0.038239,1,1.0373821989528795,1.1009205922340977
P19999,60+,Man,South,No degree,4.0,0.01841,1,2.3322522522522524,2.1037967039270837
P20008,45-59,Man,Scotland/Wales,Degree,5.6,0.057214,1,0.6375257731958762,0.6520347756449332
P20016,45-59,Woman,Midlands,No degree,7.5,0.043192,1,0.8886324786324786,0.9320604576512047
P20083,30-44,Woman,London,Degree,5.1,0.063968,1,0.6961,0.5766006518454402
P20094,30-44,Man,Scotland/Wales,No degree,5.4,0.033374,1,1.0373821989528795,1.2103502094829488
P20096,60+,Man,Scotland/Wales,No degree,6.1,0.015204,1,2.3322522522522524,2.312910485342466
P20124,45-59,Man,London,Degree,5.2,0.067212,1,0.6375257731958762,0.49774176327748904
P20143,45-59,Woman,South,No degree,4.4,0.043192,1,0.8886324786324786,0.9503529957055676
P20149,60+,Man,South,Degree,5.5,0.035381,1,0.9024852071005918,1.3129087016541312
P20163,45-59,Woman,Midlands,No degree,5.6,0.043192,1,0.8886324786324786,0.9320604576512047
P20195,45-59,Woman,London,Degree,6.8,0.067212,1,0.6375257731958762,0.49774176327748904
P20220,18-29,Man,Midlands,Degree,5.2,0.053563,1,0.8527935222672065,0.7645812829645364
P20225,30-44,Man,North,Degree,6.5,0.057214,1,0.6961,0.6597082290664027
P20263,30-44,Woman,Scotland/Wales,Degree,5.5,0.052804,1,0.6961,0.7553388210528066
P20276,30-44,Man,North,Degree,6.4,0.057214,1,0.6961,0.6597082290664027
P20302,60+,Woman,North,No degree,7.0,0.01841,1,2.3322522522522524,2.0200816345539305
P20329,30-44,Man,Midlands,Degree,3.2,0.057214,1,0.6961,0.6738230869993773
P20335,45-59,Man,South,Degree,4.9,0.061237,1,0.6375257731958762,0.593083312363701
P20343,45-59,Man,London,Degree,7.4,0.067212,1,0.6375257731958762,0.49774176327748904
P20386,45-59,Man,Midlands,No degree,5.1,0.043192,1,0.8886324786324786,0.9320604576512047
P20408,45-59,Woman,Scotland/Wales,Degree,4.7,0.057214,1,0.6375257731958762,0.6520347756449332
P20422,60+,Woman,Midlands,No degree,6.6,0.01841,1,2.3322522522522524,2.0633025070979794
P20437,30-44,Man,North,Degree,7.3,0.057214,1,0.6961,0.6597082290664027
P20441,45-59,Man,North,No degree,4.4,0.043192,1,0.8886324786324786,0.9125361920115775
P20448,30-44,Man,Midlands,Degree,4.0,0.057214,1,0.6961,0.6738230869993773
P20458,30-44,Man,South,Degree,4.6,0.057214,1,0.6961,0.6870474807172545
P20487,30-44,Man,Scotland/Wales,Degree,8.0,0.052804,1,0.6961,0.7553388210528066
P20507,18-29,Man,London,Degree,5.2,0.060918,1,0.8527935222672065,0.6542638188747341
P20513,60+,Man,South,No degree,6.4,0.01841,1,2.3322522522522524,2.1037967039270837
P20515,60+,Woman,North,No degree,1.5,0.01841,1,2.3322522522522524,2.0200816345539305
P20534,30-44,Man,North,Degree,6.1,0.057214,1,0.6961,0.6597082290664027
P20555,60+,Woman,Midlands,Degree,4.9,0.035381,1,0.9024852071005918,1.2876376365915312
P20556,30-44,Man,South,No degree,2.0,0.038239,1,1.0373821989528795,1.1009205922340977
P20559,45-59,Woman,Midlands,No degree,5.7,0.043192,1,0.8886324786324786,0.9320604576512047
P20599,30-44,Woman,South,No degree,6.1,0.038239,1,1.0373821989528795,1.1009205922340977
P20650,45-59,Woman,Scotland/Wales,No degree,5.4,0.038239,1,0.8886324786324786,1.0448164522935846
P20651,45-59,Man,North,No degree,6.1,0.043192,1,0.8886324786324786,0.9125361920115775
P20689,30-44,Man,Midlands,No degree,8.0,0.038239,1,1.0373821989528795,1.0797299063318317
P20693,60+,Man,South,Degree,8.3,0.035381,1,0.9024852071005918,1.3129087016541312
P20757,45-59,Man,Scotland/Wales,No degree,5.5,0.038239,1,0.8886324786324786,1.0448164522935846
P20763,45-59,Man,Midlands,Degree,7.8,0.061237,1,0.6375257731958762,0.5816675551557531
P20779,18-29,Man,Scotland/Wales,No degree,5.9,0.029482,1,1.099366515837104,1.3733740114543207
P20811,45-59,Woman,Midlands,No degree,8.6,0.043192,1,0.8886324786324786,0.9320604576512047
P20820,30-44,Man,Midlands,Degree,6.0,0.057214,1,0.6961,0.6738230869993773
P20832,45-59,Woman,South,No degree,7.6,0.043192,1,0.8886324786324786,0.9503529957055676
P20834,30-44,Woman,Midlands,Degree,8.1,0.057214,1,0.6961,0.6738230869993773
P20867,45-59,Man,North,Degree,6.8,0.061237,1,0.6375257731958762,0.5694831182261657
P20903,18-29,Woman,London,Degree,4.5,0.060918,1,0.8527935222672065,0.6542638188747341
P20909,18-29,Man,North,Degree,6.0,0.053563,1,0.8527935222672065,0.7485652746153514
P20933,45-59,Woman,North,No degree,6.5,0.043192,1,0.8886324786324786,0.9125361920115775
P20948,30-44,Non-binary / other,Scotland/Wales,No degree,5.2,0.033374,1,1.0373821989528795,1.2103502094829488
P20956,30-44,Man,South,No degree,7.9,0.038239,1,1.0373821989528795,1.1009205922340977
P20958,60+,Woman,South,Degree,6.9,0.035381,1,0.9024852071005918,1.3129087016541312
P21038,30-44,Woman,Scotland/Wales,No degree,5.4,0.033374,1,1.0373821989528795,1.2103502094829488
P21044,45-59,Man,South,Degree,6.1,0.061237,1,0.6375257731958762,0.593083312363701
P21055,60+,Man,London,Degree,7.2,0.044016,1,0.9024852071005918,1.1018510866192461
P21104,30-44,Woman,South,No degree,5.7,0.038239,1,1.0373821989528795,1.1009205922340977
P21139,45-59,Man,Scotland/Wales,Degree,4.5,0.057214,1,0.6375257731958762,0.6520347756449332
P21144,60+,Man,Midlands,Degree,7.5,0.035381,1,0.9024852071005918,1.2876376365915312
P21220,60+,Man,London,Degree,6.8,0.044016,1,0.9024852071005918,1.1018510866192461
P21267,60+,Man,Midlands,Degree,8.3,0.035381,1,0.9024852071005918,1.2876376365915312
P21270,45-59,Woman,North,Degree,4.6,0.061237,1,0.6375257731958762,0.5694831182261657
P21308,30-44,Man,South,No degree,3.4,0.038239,1,1.0373821989528795,1.1009205922340977
P21359,60+,Woman,South,No degree,9.3,0.01841,1,2.3322522522522524,2.1037967039270837
P21367,18-29,Man,London,No degree,4.8,0.042779,1,1.099366515837104,1.0483882572438128
P21384,45-59,Woman,South,Degree,7.0,0.061237,1,0.6375257731958762,0.593083312363701
P21391,18-29,Man,North,No degree,2.0,0.034173,1,1.099366515837104,1.1994963209748883
P21431,30-44,Woman,Midlands,Degree,5.0,0.057214,1,0.6961,0.6738230869993773
P21432,60+,Man,North,Degree,6.1,0.035381,1,0.9024852071005918,1.2606649450048188
P21457,30-44,Man,Midlands,Degree,5.1,0.057214,1,0.6961,0.6738230869993773
P21477,45-59,Man,Midlands,No degree,5.9,0.043192,1,0.8886324786324786,0.9320604576512047
P21527,18-29,Woman,North,No degree,6.2,0.034173,1,1.099366515837104,1.1994963209748883
P21530,18-29,Man,South,Degree,3.7,0.053563,1,0.8527935222672065,0.7795868891990588
P21554,60+,Man,London,Degree,5.0,0.044016,1,0.9024852071005918,1.1018510866192461
P21596,45-59,Woman,Scotland/Wales,Degree,5.3,0.057214,1,0.6375257731958762,0.6520347756449332
P21603,18-29,Woman,North,No degree,2.5,0.034173,1,1.099366515837104,1.1994963209748883
P21621,30-44,Man,South,Degree,5.4,0.057214,1,0.6961,0.6870474807172545
P21632,45-59,Man,South,No degree,3.2,0.043192,1,0.8886324786324786,0.9503529957055676
P21653,45-59,Man,North,No degree,6.8,0.043192,1,0.8886324786324786,0.9125361920115775
P21670,30-44,Man,Midlands,No degree,3.3,0.038239,1,1.0373821989528795,1.0797299063318317
P21672,45-59,Man,North,Degree,4.8,0.061237,1,0.6375257731958762,0.5694831182261657
P21679,60+,Man,Scotland/Wales,No degree,5.2,0.015204,1,2.3322522522522524,2.312910485342466
P21700,45-59,Man,London,No degree,4.5,0.05165,1,0.8886324786324786,0.7975782928932811
P21705,30-44,Man,Midlands,No degree,2.0,0.038239,1,1.0373821989528795,1.0797299063318317
P21750,45-59,Man,Scotland/Wales,Degree,4.8,0.057214,1,0.6375257731958762,0.6520347756449332
P21758,45-59,Woman,Midlands,Degree,5.4,0.061237,1,0.6375257731958762,0.5816675551557531
P21768,30-44,Woman,Scotland/Wales,No degree,5.5,0.033374,1,1.0373821989528795,1.2103502094829488
P21777,45-59,Woman,North,Degree,7.4,0.061237,1,0.6375257731958762,0.5694831182261657
P21780,30-44,Woman,North,No degree,6.9,0.038239,1,1.0373821989528795,1.0571123461325747
P21791,30-44,Woman,North,No degree,4.6,0.038239,1,1.0373821989528795,1.0571123461325747
P21799,60+,Woman,South,No degree,4.7,0.01841,1,2.3322522522522524,2.1037967039270837
P21816,30-44,Man,London,Degree,5.6,0.063968,1,0.6961,0.5766006518454402
P21826,60+,Man,South,Degree,5.0,0.035381,1,0.9024852071005918,1.3129087016541312
P21852,60+,Woman,Midlands,No degree,4.3,0.01841,1,2.3322522522522524,2.0633025070979794
P21870,30-44,Man,Scotland/Wales,No degree,6.4,0.033374,1,1.0373821989528795,1.2103502094829488
P21910,18-29,Man,Midlands,No degree,4.7,0.034173,1,1.099366515837104,1.2251602727276898
P21914,45-59,Man,North,No degree,4.7,0.043192,1,0.8886324786324786,0.9125361920115775
P21920,18-29,Woman,Scotland/Wales,No degree,2.6,0.029482,1,1.099366515837104,1.3733740114543207
P21938,30-44,Woman,Scotland/Wales,No degree,4.8,0.033374,1,1.0373821989528795,1.2103502094829488
P21945,60+,Woman,Midlands,No degree,5.4,0.01841,1,2.3322522522522524,2.0633025070979794
P21948,18-29,Man,South,No degree,3.7,0.034173,1,1.099366515837104,1.249205162442292
P21965,18-29,Woman,Scotland/Wales,No degree,5.9,0.029482,1,1.099366515837104,1.3733740114543207
P21986,18-29,Man,Midlands,No degree,5.3,0.034173,1,1.099366515837104,1.2251602727276898
P22008,60+,Woman,Midlands,Degree,7.0,0.035381,1,0.9024852071005918,1.2876376365915312
P22018,18-29,Woman,Midlands,Degree,6.2,0.053563,1,0.8527935222672065,0.7645812829645364
P22062,45-59,Woman,London,No degree,2.7,0.05165,1,0.8886324786324786,0.7975782928932811
P22071,30-44,Man,North,No degree,3.9,0.038239,1,1.0373821989528795,1.0571123461325747
P22073,18-29,Woman,Scotland/Wales,Degree,4.0,0.048894,1,0.8527935222672065,0.8570764879031357
P22093,30-44,Woman,North,Degree,6.4,0.057214,1,0.6961,0.6597082290664027
P22105,30-44,Man,Midlands,Degree,6.3,0.057214,1,0.6961,0.6738230869993773
P22136,18-29,Woman,Scotland/Wales,Degree,2.9,0.048894,1,0.8527935222672065,0.8570764879031357
P22167,18-29,Man,Midlands,Degree,4.3,0.053563,1,0.8527935222672065,0.7645812829645364
P22192,30-44,Man,London,Degree,8.6,0.063968,1,0.6961,0.5766006518454402
P22250,45-59,Man,Midlands,No degree,6.0,0.043192,1,0.8886324786324786,0.9320604576512047
P22256,45-59,Woman,Scotland/Wales,No degree,7.7,0.038239,1,0.8886324786324786,1.0448164522935846
P22285,30-44,Woman,Midlands,Degree,7.4,0.057214,1,0.6961,0.6738230869993773
P22288,18-29,Man,Scotland/Wales,No degree,4.8,0.029482,1,1.099366515837104,1.3733740114543207
P22315,60+,Woman,North,No degree,3.0,0.01841,1,2.3322522522522524,2.0200816345539305
P22361,30-44,Woman,South,No degree,7.9,0.038239,1,1.0373821989528795,1.1009205922340977
P22390,30-44,Woman,South,No degree,4.6,0.038239,1,1.0373821989528795,1.1009205922340977
P22391,45-59,Man,Midlands,Degree,8.2,0.061237,1,0.6375257731958762,0.5816675551557531
P22394,45-59,Man,South,No degree,6.4,0.043192,1,0.8886324786324786,0.9503529957055676
P22410,45-59,Man,South,No degree,4.5,0.043192,1,0.8886324786324786,0.9503529957055676
P22458,30-44,Man,Scotland/Wales,Degree,7.6,0.052804,1,0.6961,0.7553388210528066
P22463,30-44,Man,South,No degree,2.8,0.038239,1,1.0373821989528795,1.1009205922340977
P22486,18-29,Woman,North,No degree,4.8,0.034173,1,1.099366515837104,1.1994963209748883
P22517,18-29,Non-binary / other,North,Degree,5.5,0.053563,1,0.8527935222672065,0.7485652746153514
P22594,45-59,Woman,Midlands,Degree,7.8,0.061237,1,0.6375257731958762,0.5816675551557531
P22608,45-59,Man,Midlands,No degree,3.8,0.043192,1,0.8886324786324786,0.9320604576512047
P22625,45-59,Man,London,No degree,5.2,0.05165,1,0.8886324786324786,0.7975782928932811
P22626,30-44,Woman,Midlands,No degree,5.3,0.038239,1,1.0373821989528795,1.0797299063318317
P22649,60+,Man,London,Degree,4.4,0.044016,1,0.9024852071005918,1.1018510866192461
P22677,45-59,Woman,London,Degree,7.9,0.067212,1,0.6375257731958762,0.49774176327748904
P22692,45-59,Woman,Scotland/Wales,No degree,4.8,0.038239,1,0.8886324786324786,1.0448164522935846
P22709,45-59,Man,North,No degree,7.4,0.043192,1,0.8886324786324786,0.9125361920115775
P22780,30-44,Man,Midlands,Degree,6.2,0.057214,1,0.6961,0.6738230869993773
P22796,45-59,Man,Midlands,Degree,7.8,0.061237,1,0.6375257731958762,0.5816675551557531
P22818,60+,Man,Midlands,Degree,5.2,0.035381,1,0.9024852071005918,1.2876376365915312
P22835,30-44,Woman,Midlands,Degree,5.8,0.057214,1,0.6961,0.6738230869993773
P22850,60+,Woman,Scotland/Wales,No degree,4.1,0.015204,1,2.3322522522522524,2.312910485342466
P22853,60+,Woman,South,No degree,6.2,0.01841,1,2.3322522522522524,2.1037967039270837
P22961,60+,Woman,London,No degree,7.1,0.025101,1,2.3322522522522524,1.7655992997285437
P23001,45-59,Woman,South,No degree,4.1,0.043192,1,0.8886324786324786,0.9503529957055676
P23004,30-44,Woman,South,Degree,3.0,0.057214,1,0.6961,0.6870474807172545
P23021,18-29,Woman,Scotland/Wales,No degree,4.2,0.029482,1,1.099366515837104,1.3733740114543207
P23022,18-29,Man,London,Degree,7.5,0.060918,1,0.8527935222672065,0.6542638188747341
P23026,60+,Man,South,No degree,8.1,0.01841,1,2.3322522522522524,2.1037967039270837
P23064,18-29,Man,Midlands,Degree,5.3,0.053563,1,0.8527935222672065,0.7645812829645364
P23068,18-29,Man,North,No degree,4.2,0.034173,1,1.099366515837104,1.1994963209748883
P23077,30-44,Man,Midlands,No degree,5.9,0.038239,1,1.0373821989528795,1.0797299063318317
P23112,45-59,Man,London,No degree,5.1,0.05165,1,0.8886324786324786,0.7975782928932811
P23130,30-44,Man,Midlands,No degree,6.6,0.038239,1,1.0373821989528795,1.0797299063318317
P23133,60+,Non-binary / other,London,Degree,9.0,0.044016,1,0.9024852071005918,1.1018510866192461
P23166,45-59,Man,Scotland/Wales,No degree,5.1,0.038239,1,0.8886324786324786,1.0448164522935846
P23187,60+,Woman,South,No degree,7.5,0.01841,1,2.3322522522522524,2.1037967039270837
P23218,45-59,Woman,London,Degree,5.0,0.067212,1,0.6375257731958762,0.49774176327748904
P23236,45-59,Man,North,No degree,8.1,0.043192,1,0.8886324786324786,0.9125361920115775
P23248,45-59,Woman,South,Degree,7.0,0.061237,1,0.6375257731958762,0.593083312363701
P23252,60+,Woman,Midlands,Degree,8.8,0.035381,1,0.9024852071005918,1.2876376365915312
P23288,30-44,Man,Midlands,No degree,5.3,0.038239,1,1.0373821989528795,1.0797299063318317
P23342,45-59,Man,South,No degree,7.5,0.043192,1,0.8886324786324786,0.9503529957055676
P23411,45-59,Woman,London,No degree,5.1,0.05165,1,0.8886324786324786,0.7975782928932811
P23432,60+,Woman,South,No degree,7.2,0.01841,1,2.3322522522522524,2.1037967039270837
P23445,60+,Woman,South,Degree,4.0,0.035381,1,0.9024852071005918,1.3129087016541312
P23472,30-44,Woman,Midlands,No degree,5.4,0.038239,1,1.0373821989528795,1.0797299063318317
P23479,45-59,Man,Scotland/Wales,No degree,5.0,0.038239,1,0.8886324786324786,1.0448164522935846
P23505,18-29,Woman,North,No degree,6.7,0.034173,1,1.099366515837104,1.1994963209748883
P23564,45-59,Woman,Scotland/Wales,Degree,8.6,0.057214,1,0.6375257731958762,0.6520347756449332
P23578,60+,Woman,Midlands,No degree,5.9,0.01841,1,2.3322522522522524,2.0633025070979794
P23593,30-44,Man,London,No degree,6.9,0.046879,1,1.0373821989528795,0.9239412834314563
P23595,30-44,Man,Scotland/Wales,No degree,3.9,0.033374,1,1.0373821989528795,1.2103502094829488
P23649,30-44,Man,North,No degree,3.6,0.038239,1,1.0373821989528795,1.0571123461325747
P23663,45-59,Man,North,No degree,4.2,0.043192,1,0.8886324786324786,0.9125361920115775
P23666,18-29,Man,Midlands,No degree,1.9,0.034173,1,1.099366515837104,1.2251602727276898
P23696,30-44,Man,South,No degree,7.9,0.038239,1,1.0373821989528795,1.1009205922340977
P23735,45-59,Man,Midlands,Degree,6.4,0.061237,1,0.6375257731958762,0.5816675551557531
P23749,45-59,Man,South,No degree,6.8,0.043192,1,0.8886324786324786,0.9503529957055676
P23751,30-44,Man,London,No degree,4.3,0.046879,1,1.0373821989528795,0.9239412834314563
P23768,18-29,Man,North,No degree,3.2,0.034173,1,1.099366515837104,1.1994963209748883
P23788,45-59,Woman,North,No degree,2.7,0.043192,1,0.8886324786324786,0.9125361920115775
P23792,45-59,Woman,Midlands,No degree,3.7,0.043192,1,0.8886324786324786,0.9320604576512047
P23795,30-44,Woman,Scotland/Wales,No degree,8.7,0.033374,1,1.0373821989528795,1.2103502094829488
P23813,45-59,Man,North,No degree,2.7,0.043192,1,0.8886324786324786,0.9125361920115775
P23827,45-59,Man,South,No degree,6.0,0.043192,1,0.8886324786324786,0.9503529957055676
P23836,45-59,Woman,London,Degree,7.7,0.067212,1,0.6375257731958762,0.49774176327748904
P23838,45-59,Woman,South,Degree,7.4,0.061237,1,0.6375257731958762,0.593083312363701
P23924,18-29,Man,London,No degree,4.7,0.042779,1,1.099366515837104,1.0483882572438128
P24085,18-29,Man,North,Degree,7.1,0.053563,1,0.8527935222672065,0.7485652746153514
P24164,18-29,Woman,North,No degree,3.0,0.034173,1,1.099366515837104,1.1994963209748883
P24207,30-44,Man,London,Degree,3.9,0.063968,1,0.6961,0.5766006518454402
P24226,30-44,Man,North,Degree,5.5,0.057214,1,0.6961,0.6597082290664027
P24258,45-59,Woman,North,Degree,6.0,0.061237,1,0.6375257731958762,0.5694831182261657
P24293,45-59,Woman,London,Degree,7.3,0.067212,1,0.6375257731958762,0.49774176327748904
P24320,60+,Woman,North,No degree,7.7,0.01841,1,2.3322522522522524,2.0200816345539305
P24346,45-59,Woman,Scotland/Wales,No degree,4.5,0.038239,1,0.8886324786324786,1.0448164522935846
P24385,30-44,Man,North,No degree,3.7,0.038239,1,1.0373821989528795,1.0571123461325747
P24404,30-44,Man,Scotland/Wales,Degree,7.7,0.052804,1,0.6961,0.7553388210528066
P24408,60+,Woman,London,No degree,6.7,0.025101,1,2.3322522522522524,1.7655992997285437
P24412,45-59,Man,South,Degree,4.2,0.061237,1,0.6375257731958762,0.593083312363701
P24414,45-59,Woman,Midlands,No degree,8.5,0.043192,1,0.8886324786324786,0.9320604576512047
P24462,45-59,Man,Scotland/Wales,Degree,7.2,0.057214,1,0.6375257731958762,0.6520347756449332
P24489,30-44,Man,Scotland/Wales,Degree,5.5,0.052804,1,0.6961,0.7553388210528066
P24540,45-59,Man,London,No degree,6.0,0.05165,1,0.8886324786324786,0.7975782928932811
P24638,18-29,Man,Midlands,Degree,4.5,0.053563,1,0.8527935222672065,0.7645812829645364
P24639,45-59,Woman,South,No degree,5.4,0.043192,1,0.8886324786324786,0.9503529957055676
P24657,45-59,Woman,North,No degree,6.0,0.043192,1,0.8886324786324786,0.9125361920115775
P24696,45-59,Woman,North,No degree,6.0,0.043192,1,0.8886324786324786,0.9125361920115775
P24704,45-59,Man,North,No degree,4.1,0.043192,1,0.8886324786324786,0.9125361920115775
P24719,60+,Woman,South,Degree,4.8,0.035381,1,0.9024852071005918,1.3129087016541312
P24721,60+,Man,Scotland/Wales,No degree,6.3,0.015204,1,2.3322522522522524,2.312910485342466
P24744,45-59,Woman,North,No degree,2.8,0.043192,1,0.8886324786324786,0.9125361920115775
P24796,30-44,Woman,South,Degree,3.3,0.057214,1,0.6961,0.6870474807172545
P24836,45-59,Woman,North,No degree,7.9,0.043192,1,0.8886324786324786,0.9125361920115775
P24853,60+,Man,South,Degree,7.6,0.035381,1,0.9024852071005918,1.3129087016541312
P24855,30-44,Man,Midlands,No degree,4.1,0.038239,1,1.0373821989528795,1.0797299063318317
P24858,45-59,Man,South,No degree,5.7,0.043192,1,0.8886324786324786,0.9503529957055676
P24876,60+,Woman,North,No degree,7.6,0.01841,1,2.3322522522522524,2.0200816345539305
P24883,45-59,Woman,South,No degree,3.5,0.043192,1,0.8886324786324786,0.9503529957055676
P24889,30-44,Woman,London,No degree,4.0,0.046879,1,1.0373821989528795,0.9239412834314563
P24954,45-59,Man,North,No degree,5.9,0.043192,1,0.8886324786324786,0.9125361920115775
P24999,30-44,Woman,London,No degree,4.8,0.046879,1,1.0373821989528795,0.9239412834314563
P25033,30-44,Woman,Midlands,Degree,7.2,0.057214,1,0.6961,0.6738230869993773
P25083,45-59,Woman,South,Degree,5.0,0.061237,1,0.6375257731958762,0.593083312363701
P25092,45-59,Man,Scotland/Wales,Degree,9.1,0.057214,1,0.6375257731958762,0.6520347756449332
P25134,60+,Woman,Midlands,No degree,5.9,0.01841,1,2.3322522522522524,2.0633025070979794
P25271,30-44,Man,Midlands,No degree,5.8,0.038239,1,1.0373821989528795,1.0797299063318317
P25275,30-44,Woman,Midlands,No degree,6.7,0.038239,1,1.0373821989528795,1.0797299063318317
P25317,45-59,Man,Scotland/Wales,No degree,5.4,0.038239,1,0.8886324786324786,1.0448164522935846
P25334,45-59,Man,Scotland/Wales,Degree,6.5,0.057214,1,0.6375257731958762,0.6520347756449332
P25365,18-29,Man,North,Degree,6.8,0.053563,1,0.8527935222672065,0.7485652746153514
P25396,45-59,Man,North,Degree,5.3,0.061237,1,0.6375257731958762,0.5694831182261657
P25398,30-44,Woman,London,No degree,4.7,0.046879,1,1.0373821989528795,0.9239412834314563
P25399,30-44,Man,London,No degree,4.4,0.046879,1,1.0373821989528795,0.9239412834314563
P25441,45-59,Woman,North,No degree,4.5,0.043192,1,0.8886324786324786,0.9125361920115775
P25455,45-59,Man,London,Degree,7.3,0.067212,1,0.6375257731958762,0.49774176327748904
P25462,60+,Woman,Midlands,No degree,8.5,0.01841,1,2.3322522522522524,2.0633025070979794
P25468,18-29,Man,Midlands,No degree,1.3,0.034173,1,1.099366515837104,1.2251602727276898
P25483,60+,Man,Scotland/Wales,Degree,4.1,0.030629,1,0.9024852071005918,1.4434095731231131
P25522,45-59,Woman,Midlands,Degree,6.9,0.061237,1,0.6375257731958762,0.5816675551557531
P25606,18-29,Man,Midlands,Degree,4.5,0.053563,1,0.8527935222672065,0.7645812829645364
P25620,45-59,Man,North,No degree,8.6,0.043192,1,0.8886324786324786,0.9125361920115775
P25627,30-44,Woman,London,Degree,6.0,0.063968,1,0.6961,0.5766006518454402
P25633,60+,Man,Scotland/Wales,No degree,6.0,0.015204,1,2.3322522522522524,2.312910485342466
P25657,18-29,Man,Midlands,No degree,5.0,0.034173,1,1.099366515837104,1.2251602727276898
P25674,30-44,Woman,South,No degree,5.9,0.038239,1,1.0373821989528795,1.1009205922340977
P25720,18-29,Man,South,Degree,4.3,0.053563,1,0.8527935222672065,0.7795868891990588
P25734,45-59,Woman,South,Degree,5.3,0.061237,1,0.6375257731958762,0.593083312363701
P25737,45-59,Man,London,No degree,5.2,0.05165,1,0.8886324786324786,0.7975782928932811
P25745,18-29,Woman,London,Degree,4.1,0.060918,1,0.8527935222672065,0.6542638188747341
P25854,30-44,Man,North,Degree,6.5,0.057214,1,0.6961,0.6597082290664027
P25858,18-29,Man,Midlands,Degree,9.2,0.053563,1,0.8527935222672065,0.7645812829645364
P25907,45-59,Woman,London,Degree,6.9,0.067212,1,0.6375257731958762,0.49774176327748904
P25938,45-59,Man,South,Degree,7.5,0.061237,1,0.6375257731958762,0.593083312363701
P25952,30-44,Man,Scotland/Wales,No degree,6.1,0.033374,1,1.0373821989528795,1.2103502094829488
P25953,60+,Woman,South,Degree,6.3,0.035381,1,0.9024852071005918,1.3129087016541312
P25959,60+,Man,Scotland/Wales,No degree,5.6,0.015204,1,2.3322522522522524,2.312910485342466
P25988,18-29,Woman,London,Degree,3.4,0.060918,1,0.8527935222672065,0.6542638188747341
P26012,45-59,Man,North,No degree,5.5,0.043192,1,0.8886324786324786,0.9125361920115775
P26029,18-29,Man,North,No degree,5.4,0.034173,1,1.099366515837104,1.1994963209748883
P26067,60+,Woman,North,No degree,10.0,0.01841,1,2.3322522522522524,2.0200816345539305
P26079,30-44,Man,South,No degree,2.3,0.038239,1,1.0373821989528795,1.1009205922340977
P26081,45-59,Man,Scotland/Wales,Degree,4.4,0.057214,1,0.6375257731958762,0.6520347756449332
P26172,45-59,Woman,Scotland/Wales,Degree,5.5,0.057214,1,0.6375257731958762,0.6520347756449332
P26185,60+,Woman,South,Degree,4.9,0.035381,1,0.9024852071005918,1.3129087016541312
P26199,60+,Man,South,Degree,7.0,0.035381,1,0.9024852071005918,1.3129087016541312
P26249,18-29,Man,London,Degree,6.4,0.060918,1,0.8527935222672065,0.6542638188747341
P26253,60+,Woman,South,No degree,3.8,0.01841,1,2.3322522522522524,2.1037967039270837
P26254,30-44,Woman,London,Degree,5.2,0.063968,1,0.6961,0.5766006518454402
P26273,60+,Woman,South,Degree,6.3,0.035381,1,0.9024852071005918,1.3129087016541312
P26294,45-59,Woman,South,No degree,6.8,0.043192,1,0.8886324786324786,0.9503529957055676
P26310,45-59,Woman,Midlands,Degree,6.0,0.061237,1,0.6375257731958762,0.5816675551557531
P26316,18-29,Woman,Midlands,Degree,5.4,0.053563,1,0.8527935222672065,0.7645812829645364
P26325,45-59,Woman,Midlands,No degree,5.7,0.043192,1,0.8886324786324786,0.9320604576512047
P26339,30-44,Woman,Midlands,No degree,2.7,0.038239,1,1.0373821989528795,1.0797299063318317
P26354,18-29,Woman,South,Degree,7.9,0.053563,1,0.8527935222672065,0.7795868891990588
P26440,60+,Man,London,No degree,7.9,0.025101,1,2.3322522522522524,1.7655992997285437
P26452,45-59,Man,South,Degree,8.7,0.061237,1,0.6375257731958762,0.593083312363701
P26461,30-44,Woman,Scotland/Wales,Degree,7.2,0.052804,1,0.6961,0.7553388210528066
P26472,45-59,Woman,Scotland/Wales,No degree,4.3,0.038239,1,0.8886324786324786,1.0448164522935846
P26478,18-29,Man,London,No degree,5.9,0.042779,1,1.099366515837104,1.0483882572438128
P26492,30-44,Woman,London,No degree,7.0,0.046879,1,1.0373821989528795,0.9239412834314563
P26499,18-29,Man,South,No degree,3.8,0.034173,1,1.099366515837104,1.249205162442292
P26504,45-59,Man,London,Degree,7.1,0.067212,1,0.6375257731958762,0.49774176327748904
P26543,18-29,Woman,North,Degree,7.2,0.053563,1,0.8527935222672065,0.7485652746153514
P26563,30-44,Woman,South,Degree,5.2,0.057214,1,0.6961,0.6870474807172545
P26566,45-59,Woman,Midlands,Degree,8.1,0.061237,1,0.6375257731958762,0.5816675551557531
P26578,30-44,Man,South,No degree,4.4,0.038239,1,1.0373821989528795,1.1009205922340977
P26594,30-44,Woman,Scotland/Wales,No degree,3.5,0.033374,1,1.0373821989528795,1.2103502094829488
P26597,45-59,Man,North,No degree,8.7,0.043192,1,0.8886324786324786,0.9125361920115775
P26624,18-29,Woman,Midlands,Degree,6.8,0.053563,1,0.8527935222672065,0.7645812829645364
P26640,30-44,Man,North,Degree,5.8,0.057214,1,0.6961,0.6597082290664027
P26679,60+,Woman,North,No degree,7.7,0.01841,1,2.3322522522522524,2.0200816345539305
P26716,30-44,Woman,London,No degree,4.1,0.046879,1,1.0373821989528795,0.9239412834314563
P26725,60+,Man,South,No degree,2.7,0.01841,1,2.3322522522522524,2.1037967039270837
P26727,30-44,Man,North,Degree,5.2,0.057214,1,0.6961,0.6597082290664027
P26739,60+,Woman,London,Degree,8.8,0.044016,1,0.9024852071005918,1.1018510866192461
P26748,60+,Man,Midlands,No degree,6.3,0.01841,1,2.3322522522522524,2.0633025070979794
P26749,30-44,Man,North,No degree,2.5,0.038239,1,1.0373821989528795,1.0571123461325747
P26788,30-44,Man,Midlands,No degree,5.4,0.038239,1,1.0373821989528795,1.0797299063318317
P26790,60+,Man,Midlands,Degree,7.4,0.035381,1,0.9024852071005918,1.2876376365915312
P26804,45-59,Man,Midlands,No degree,6.5,0.043192,1,0.8886324786324786,0.9320604576512047
P26820,45-59,Man,Midlands,No degree,4.6,0.043192,1,0.8886324786324786,0.9320604576512047
P26846,30-44,Woman,Midlands,No degree,5.2,0.038239,1,1.0373821989528795,1.0797299063318317
P26849,45-59,Woman,North,No degree,6.2,0.043192,1,0.8886324786324786,0.9125361920115775
P26854,45-59,Non-binary / other,North,No degree,3.7,0.043192,1,0.8886324786324786,0.9125361920115775
P26858,30-44,Man,North,No degree,5.6,0.038239,1,1.0373821989528795,1.0571123461325747
P26877,30-44,Woman,North,No degree,6.2,0.038239,1,1.0373821989528795,1.0571123461325747
P26879,18-29,Man,Midlands,No degree,5.2,0.034173,1,1.099366515837104,1.2251602727276898
P26891,30-44,Woman,Scotland/Wales,No degree,6.4,0.033374,1,1.0373821989528795,1.2103502094829488
P26897,45-59,Man,Midlands,No degree,5.7,0.043192,1,0.8886324786324786,0.9320604576512047
P26964,45-59,Woman,Scotland/Wales,No degree,2.1,0.038239,1,0.8886324786324786,1.0448164522935846
P26971,18-29,Man,South,No degree,3.1,0.034173,1,1.099366515837104,1.249205162442292
P27026,45-59,Man,Midlands,No degree,4.2,0.043192,1,0.8886324786324786,0.9320604576512047
P27027,45-59,Man,Scotland/Wales,No degree,7.7,0.038239,1,0.8886324786324786,1.0448164522935846
P27042,45-59,Man,Midlands,No degree,6.5,0.043192,1,0.8886324786324786,0.9320604576512047
P27078,45-59,Woman,London,Degree,6.0,0.067212,1,0.6375257731958762,0.49774176327748904
P27098,45-59,Woman,South,No degree,2.8,0.043192,1,0.8886324786324786,0.9503529957055676
P27140,45-59,Man,Scotland/Wales,No degree,3.1,0.038239,1,0.8886324786324786,1.0448164522935846
P27141,18-29,Woman,South,No degree,5.2,0.034173,1,1.099366515837104,1.249205162442292
P27147,30-44,Man,Midlands,Degree,6.6,0.057214,1,0.6961,0.6738230869993773
P27150,18-29,Woman,South,No degree,4.7,0.034173,1,1.099366515837104,1.249205162442292
P27191,18-29,Woman,Midlands,Degree,3.5,0.053563,1,0.8527935222672065,0.7645812829645364
P27198,45-59,Man,London,No degree,9.4,0.05165,1,0.8886324786324786,0.7975782928932811
P27204,45-59,Man,North,Degree,4.1,0.061237,1,0.6375257731958762,0.5694831182261657
P27218,18-29,Man,London,No degree,6.1,0.042779,1,1.099366515837104,1.0483882572438128
P27259,18-29,Man,North,Degree,6.6,0.053563,1,0.8527935222672065,0.7485652746153514
P27261,18-29,Woman,Scotland/Wales,No degree,7.3,0.029482,1,1.099366515837104,1.3733740114543207
P27263,45-59,Man,South,Degree,4.8,0.061237,1,0.6375257731958762,0.593083312363701
P27299,18-29,Woman,Midlands,No degree,2.8,0.034173,1,1.099366515837104,1.2251602727276898
P27312,45-59,Man,North,No degree,5.5,0.043192,1,0.8886324786324786,0.9125361920115775
P27320,45-59,Woman,South,No degree,6.6,0.043192,1,0.8886324786324786,0.9503529957055676
P27326,30-44,Man,Midlands,No degree,6.5,0.038239,1,1.0373821989528795,1.0797299063318317
P27343,30-44,Man,North,Degree,7.4,0.057214,1,0.6961,0.6597082290664027
P27365,30-44,Man,Scotland/Wales,No degree,3.6,0.033374,1,1.0373821989528795,1.2103502094829488
P27399,45-59,Non-binary / other,Midlands,No degree,5.7,0.043192,1,0.8886324786324786,0.9320604576512047
P27455,18-29,Woman,London,No degree,5.3,0.042779,1,1.099366515837104,1.0483882572438128
P27462,30-44,Woman,London,No degree,4.1,0.046879,1,1.0373821989528795,0.9239412834314563
P27484,18-29,Woman,North,No degree,6.7,0.034173,1,1.099366515837104,1.1994963209748883
P27489,30-44,Woman,North,Degree,5.4,0.057214,1,0.6961,0.6597082290664027
P27506,45-59,Man,South,Degree,6.1,0.061237,1,0.6375257731958762,0.593083312363701
P27531,18-29,Woman,Midlands,Degree,4.0,0.053563,1,0.8527935222672065,0.7645812829645364
P27547,18-29,Non-binary / other,Scotland/Wales,No degree,2.7,0.029482,1,1.099366515837104,1.3733740114543207
P27581,30-44,Man,North,Degree,4.6,0.057214,1,0.6961,0.6597082290664027
P27678,45-59,Man,London,Degree,4.6,0.067212,1,0.6375257731958762,0.49774176327748904
P27707,45-59,Non-binary / other,London,Degree,8.4,0.067212,1,0.6375257731958762,0.49774176327748904
P27708,18-29,Woman,Midlands,Degree,4.4,0.053563,1,0.8527935222672065,0.7645812829645364
P27721,45-59,Man,Midlands,No degree,5.6,0.043192,1,0.8886324786324786,0.9320604576512047
P27746,30-44,Woman,Midlands,No degree,6.3,0.038239,1,1.0373821989528795,1.0797299063318317
P27752,60+,Woman,North,No degree,5.9,0.01841,1,2.3322522522522524,2.0200816345539305
P27829,60+,Woman,South,No degree,7.7,0.01841,1,2.3322522522522524,2.1037967039270837
P27835,18-29,Woman,London,Degree,6.6,0.060918,1,0.8527935222672065,0.6542638188747341
P27843,30-44,Woman,North,Degree,2.8,0.057214,1,0.6961,0.6597082290664027
P27867,45-59,Woman,London,No degree,5.8,0.05165,1,0.8886324786324786,0.7975782928932811
P27903,18-29,Man,North,Degree,6.7,0.053563,1,0.8527935222672065,0.7485652746153514
P27913,45-59,Man,South,No degree,4.2,0.043192,1,0.8886324786324786,0.9503529957055676
P27932,45-59,Woman,North,Degree,6.8,0.061237,1,0.6375257731958762,0.5694831182261657
P27952,45-59,Man,London,No degree,5.2,0.05165,1,0.8886324786324786,0.7975782928932811
P27978,30-44,Woman,South,Degree,4.2,0.057214,1,0.6961,0.6870474807172545
P28000,30-44,Man,South,Degree,6.3,0.057214,1,0.6961,0.6870474807172545
P28007,30-44,Woman,Midlands,No degree,3.6,0.038239,1,1.0373821989528795,1.0797299063318317
P28022,30-44,Man,Scotland/Wales,No degree,4.3,0.033374,1,1.0373821989528795,1.2103502094829488
P28043,45-59,Man,Scotland/Wales,No degree,6.8,0.038239,1,0.8886324786324786,1.0448164522935846
P28051,60+,Man,Midlands,Degree,6.2,0.035381,1,0.9024852071005918,1.2876376365915312
P28061,18-29,Woman,South,No degree,6.1,0.034173,1,1.099366515837104,1.249205162442292
P28066,30-44,Woman,London,Degree,6.5,0.063968,1,0.6961,0.5766006518454402
P28083,30-44,Non-binary / other,North,No degree,5.7,0.038239,1,1.0373821989528795,1.0571123461325747
P28091,45-59,Man,South,No degree,6.8,0.043192,1,0.8886324786324786,0.9503529957055676
P28131,30-44,Woman,North,No degree,5.9,0.038239,1,1.0373821989528795,1.0571123461325747
P28163,45-59,Man,North,No degree,5.4,0.043192,1,0.8886324786324786,0.9125361920115775
P28177,30-44,Woman,South,Degree,7.7,0.057214,1,0.6961,0.6870474807172545
P28261,60+,Woman,Midlands,No degree,9.1,0.01841,1,2.3322522522522524,2.0633025070979794
P28274,18-29,Woman,South,No degree,2.6,0.034173,1,1.099366515837104,1.249205162442292
P28306,45-59,Man,North,No degree,3.7,0.043192,1,0.8886324786324786,0.9125361920115775
P28314,30-44,Man,Scotland/Wales,No degree,2.1,0.033374,1,1.0373821989528795,1.2103502094829488
P28326,18-29,Man,North,No degree,5.2,0.034173,1,1.099366515837104,1.1994963209748883
P28368,60+,Woman,North,No degree,8.4,0.01841,1,2.3322522522522524,2.0200816345539305
P28401,30-44,Woman,South,Degree,6.2,0.057214,1,0.6961,0.6870474807172545
P28415,45-59,Man,Midlands,No degree,7.5,0.043192,1,0.8886324786324786,0.9320604576512047
P28478,60+,Woman,London,Degree,9.3,0.044016,1,0.9024852071005918,1.1018510866192461
P28552,45-59,Man,London,No degree,5.0,0.05165,1,0.8886324786324786,0.7975782928932811
P28605,45-59,Woman,Midlands,No degree,5.6,0.043192,1,0.8886324786324786,0.9320604576512047
P28613,18-29,Woman,Midlands,No degree,7.3,0.034173,1,1.099366515837104,1.2251602727276898
P28660,45-59,Woman,South,Degree,5.2,0.061237,1,0.6375257731958762,0.593083312363701
P28661,60+,Man,Midlands,Degree,4.2,0.035381,1,0.9024852071005918,1.2876376365915312
P28720,18-29,Man,London,Degree,4.2,0.060918,1,0.8527935222672065,0.6542638188747341
P28733,30-44,Woman,Midlands,No degree,6.3,0.038239,1,1.0373821989528795,1.0797299063318317
P28754,18-29,Woman,Midlands,Degree,5.2,0.053563,1,0.8527935222672065,0.7645812829645364
P28775,30-44,Woman,North,No degree,3.9,0.038239,1,1.0373821989528795,1.0571123461325747
P28816,30-44,Man,London,No degree,7.3,0.046879,1,1.0373821989528795,0.9239412834314563
P28840,45-59,Woman,London,Degree,3.8,0.067212,1,0.6375257731958762,0.49774176327748904
P28866,60+,Woman,North,Degree,9.2,0.035381,1,0.9024852071005918,1.2606649450048188
P28881,18-29,Man,Midlands,Degree,5.0,0.053563,1,0.8527935222672065,0.7645812829645364
P28896,18-29,Woman,South,Degree,4.1,0.053563,1,0.8527935222672065,0.7795868891990588
P28906,45-59,Man,South,Degree,9.1,0.061237,1,0.6375257731958762,0.593083312363701
P28911,45-59,Woman,South,No degree,6.4,0.043192,1,0.8886324786324786,0.9503529957055676
P28932,45-59,Man,North,Degree,5.3,0.061237,1,0.6375257731958762,0.5694831182261657
P28966,60+,Woman,North,No degree,4.9,0.01841,1,2.3322522522522524,2.0200816345539305
P28988,45-59,Man,London,No degree,4.5,0.05165,1,0.8886324786324786,0.7975782928932811
P28989,45-59,Woman,North,Degree,7.3,0.061237,1,0.6375257731958762,0.5694831182261657
P29051,60+,Woman,Midlands,Degree,10.0,0.035381,1,0.9024852071005918,1.2876376365915312
P29064,45-59,Non-binary / other,Midlands,No degree,4.8,0.043192,1,0.8886324786324786,0.9320604576512047
P29068,60+,Woman,North,Degree,8.9,0.035381,1,0.9024852071005918,1.2606649450048188
P29078,45-59,Woman,North,Degree,4.2,0.061237,1,0.6375257731958762,0.5694831182261657
P29085,30-44,Woman,South,Degree,8.0,0.057214,1,0.6961,0.6870474807172545
P29094,60+,Woman,North,No degree,8.3,0.01841,1,2.3322522522522524,2.0200816345539305
P29153,60+,Man,Midlands,No degree,2.4,0.01841,1,2.3322522522522524,2.0633025070979794
P29190,18-29,Man,Midlands,No degree,2.0,0.034173,1,1.099366515837104,1.2251602727276898
P29196,18-29,Woman,Midlands,Degree,5.4,0.053563,1,0.8527935222672065,0.7645812829645364
P29207,30-44,Man,North,No degree,4.5,0.038239,1,1.0373821989528795,1.0571123461325747
P29231,45-59,Man,South,No degree,3.8,0.043192,1,0.8886324786324786,0.9503529957055676
P29290,60+,Woman,London,Degree,6.2,0.044016,1,0.9024852071005918,1.1018510866192461
P29306,60+,Woman,London,No degree,6.9,0.025101,1,2.3322522522522524,1.7655992997285437
P29310,45-59,Man,London,No degree,6.4,0.05165,1,0.8886324786324786,0.7975782928932811
P29313,18-29,Man,South,Degree,6.1,0.053563,1,0.8527935222672065,0.7795868891990588
P29327,45-59,Man,North,No degree,4.9,0.043192,1,0.8886324786324786,0.9125361920115775
P29339,18-29,Woman,Midlands,Degree,7.7,0.053563,1,0.8527935222672065,0.7645812829645364
P29342,18-29,Man,South,Degree,5.9,0.053563,1,0.8527935222672065,0.7795868891990588
P29348,45-59,Woman,Scotland/Wales,Degree,6.3,0.057214,1,0.6375257731958762,0.6520347756449332
P29380,45-59,Woman,South,No degree,4.3,0.043192,1,0.8886324786324786,0.9503529957055676
P29388,30-44,Woman,Midlands,Degree,4.9,0.057214,1,0.6961,0.6738230869993773
P29418,45-59,Woman,Scotland/Wales,No degree,5.5,0.038239,1,0.8886324786324786,1.0448164522935846
P29421,45-59,Man,South,Degree,7.9,0.061237,1,0.6375257731958762,0.593083312363701
P29483,30-44,Woman,Midlands,No degree,7.3,0.038239,1,1.0373821989528795,1.0797299063318317
P29511,60+,Woman,South,No degree,3.9,0.01841,1,2.3322522522522524,2.1037967039270837
P29532,30-44,Woman,Midlands,No degree,8.0,0.038239,1,1.0373821989528795,1.0797299063318317
P29567,45-59,Woman,South,No degree,7.9,0.043192,1,0.8886324786324786,0.9503529957055676
P29568,30-44,Woman,Scotland/Wales,No degree,3.8,0.033374,1,1.0373821989528795,1.2103502094829488
P29575,60+,Woman,Scotland/Wales,No degree,8.9,0.015204,1,2.3322522522522524,2.312910485342466
P29579,45-59,Man,South,No degree,6.2,0.043192,1,0.8886324786324786,0.9503529957055676
P29582,18-29,Man,South,Degree,4.7,0.053563,1,0.8527935222672065,0.7795868891990588
P29585,45-59,Man,London,Degree,6.2,0.067212,1,0.6375257731958762,0.49774176327748904
P29611,60+,Man,North,No degree,7.9,0.01841,1,2.3322522522522524,2.0200816345539305
P29636,30-44,Woman,South,Degree,8.5,0.057214,1,0.6961,0.6870474807172545
P29647,45-59,Man,South,No degree,8.2,0.043192,1,0.8886324786324786,0.9503529957055676
P29653,60+,Woman,Scotland/Wales,No degree,3.7,0.015204,1,2.3322522522522524,2.312910485342466
P29667,30-44,Woman,North,No degree,3.4,0.038239,1,1.0373821989528795,1.0571123461325747
P29679,18-29,Man,London,Degree,1.6,0.060918,1,0.8527935222672065,0.6542638188747341
P29728,45-59,Woman,North,Degree,4.9,0.061237,1,0.6375257731958762,0.5694831182261657
P29740,18-29,Woman,South,No degree,3.0,0.034173,1,1.099366515837104,1.249205162442292
P29764,60+,Man,South,Degree,8.8,0.035381,1,0.9024852071005918,1.3129087016541312
P29779,45-59,Man,Midlands,Degree,4.9,0.061237,1,0.6375257731958762,0.5816675551557531
P29828,18-29,Woman,Scotland/Wales,No degree,5.8,0.029482,1,1.099366515837104,1.3733740114543207
P29871,30-44,Man,Scotland/Wales,Degree,7.8,0.052804,1,0.6961,0.7553388210528066
P29890,45-59,Woman,Midlands,No degree,8.5,0.043192,1,0.8886324786324786,0.9320604576512047
P29943,45-59,Woman,North,No degree,6.0,0.043192,1,0.8886324786324786,0.9125361920115775
P30005,60+,Woman,Midlands,No degree,5.3,0.01841,1,2.3322522522522524,2.0633025070979794
P30012,45-59,Woman,South,No degree,6.0,0.043192,1,0.8886324786324786,0.9503529957055676
P30037,18-29,Woman,Scotland/Wales,Degree,2.5,0.048894,1,0.8527935222672065,0.8570764879031357
P30050,30-44,Woman,North,Degree,6.8,0.057214,1,0.6961,0.6597082290664027
P30078,30-44,Woman,North,No degree,5.7,0.038239,1,1.0373821989528795,1.0571123461325747
P30098,30-44,Woman,South,Degree,5.5,0.057214,1,0.6961,0.6870474807172545
P30173,18-29,Woman,London,No degree,6.8,0.042779,1,1.099366515837104,1.0483882572438128
P30190,18-29,Man,South,Degree,4.7,0.053563,1,0.8527935222672065,0.7795868891990588
P30216,45-59,Woman,London,Degree,5.3,0.067212,1,0.6375257731958762,0.49774176327748904
P30309,60+,Man,Midlands,Degree,8.6,0.035381,1,0.9024852071005918,1.2876376365915312
P30312,60+,Man,South,Degree,7.8,0.035381,1,0.9024852071005918,1.3129087016541312
P30319,45-59,Man,North,No degree,5.9,0.043192,1,0.8886324786324786,0.9125361920115775
P30321,18-29,Woman,Scotland/Wales,No degree,3.4,0.029482,1,1.099366515837104,1.3733740114543207
P30335,30-44,Man,London,No degree,5.7,0.046879,1,1.0373821989528795,0.9239412834314563
P30344,30-44,Man,South,Degree,4.3,0.057214,1,0.6961,0.6870474807172545
P30425,45-59,Man,London,Degree,6.3,0.067212,1,0.6375257731958762,0.49774176327748904
P30435,45-59,Woman,Midlands,No degree,6.3,0.043192,1,0.8886324786324786,0.9320604576512047
P30452,30-44,Man,South,Degree,1.5,0.057214,1,0.6961,0.6870474807172545
P30489,30-44,Woman,North,No degree,6.2,0.038239,1,1.0373821989528795,1.0571123461325747
P30543,45-59,Woman,North,No degree,4.5,0.043192,1,0.8886324786324786,0.9125361920115775
P30551,45-59,Woman,London,Degree,6.0,0.067212,1,0.6375257731958762,0.49774176327748904
P30552,45-59,Woman,North,No degree,7.2,0.043192,1,0.8886324786324786,0.9125361920115775
P30563,18-29,Man,North,No degree,6.2,0.034173,1,1.099366515837104,1.1994963209748883
P30589,60+,Woman,North,No degree,8.6,0.01841,1,2.3322522522522524,2.0200816345539305
P30600,45-59,Man,South,No degree,3.2,0.043192,1,0.8886324786324786,0.9503529957055676
P30660,18-29,Woman,South,Degree,5.0,0.053563,1,0.8527935222672065,0.7795868891990588
P30688,45-59,Man,Scotland/Wales,No degree,5.7,0.038239,1,0.8886324786324786,1.0448164522935846
P30692,30-44,Man,North,No degree,3.5,0.038239,1,1.0373821989528795,1.0571123461325747
P30706,30-44,Woman,Scotland/Wales,Degree,5.8,0.052804,1,0.6961,0.7553388210528066
P30718,45-59,Man,North,Degree,8.2,0.061237,1,0.6375257731958762,0.5694831182261657
P30787,30-44,Man,London,No degree,5.5,0.046879,1,1.0373821989528795,0.9239412834314563
P30836,60+,Woman,Scotland/Wales,No degree,5.4,0.015204,1,2.3322522522522524,2.312910485342466
P30870,30-44,Man,North,Degree,3.2,0.057214,1,0.6961,0.6597082290664027
P30916,45-59,Man,South,Degree,4.1,0.061237,1,0.6375257731958762,0.593083312363701
P30954,45-59,Man,Midlands,Degree,9.2,0.061237,1,0.6375257731958762,0.5816675551557531
P31022,45-59,Man,South,No degree,5.0,0.043192,1,0.8886324786324786,0.9503529957055676
P31029,30-44,Man,North,No degree,4.1,0.038239,1,1.0373821989528795,1.0571123461325747
P31130,18-29,Man,South,No degree,5.0,0.034173,1,1.099366515837104,1.249205162442292
P31141,30-44,Non-binary / other,South,No degree,8.2,0.038239,1,1.0373821989528795,1.1009205922340977
P31153,30-44,Man,Midlands,Degree,5.9,0.057214,1,0.6961,0.6738230869993773
P31178,30-44,Man,North,Degree,8.2,0.057214,1,0.6961,0.6597082290664027
P31212,30-44,Woman,London,Degree,7.0,0.063968,1,0.6961,0.5766006518454402
P31280,45-59,Woman,North,Degree,5.0,0.061237,1,0.6375257731958762,0.5694831182261657
P31289,45-59,Woman,South,Degree,7.3,0.061237,1,0.6375257731958762,0.593083312363701
P31318,60+,Woman,North,No degree,6.3,0.01841,1,2.3322522522522524,2.0200816345539305
P31327,18-29,Woman,Scotland/Wales,No degree,3.2,0.029482,1,1.099366515837104,1.3733740114543207
P31346,30-44,Man,South,No degree,8.3,0.038239,1,1.0373821989528795,1.1009205922340977
P31376,18-29,Man,North,No degree,5.1,0.034173,1,1.099366515837104,1.1994963209748883
P31387,18-29,Man,South,No degree,7.2,0.034173,1,1.099366515837104,1.249205162442292
P31453,30-44,Woman,North,No degree,4.5,0.038239,1,1.0373821989528795,1.0571123461325747
P31462,18-29,Man,South,No degree,7.9,0.034173,1,1.099366515837104,1.249205162442292
P31492,18-29,Woman,North,Degree,5.9,0.053563,1,0.8527935222672065,0.7485652746153514
P31502,60+,Woman,South,Degree,6.2,0.035381,1,0.9024852071005918,1.3129087016541312
P31535,18-29,Woman,Scotland/Wales,No degree,7.5,0.029482,1,1.099366515837104,1.3733740114543207
P31584,30-44,Man,Midlands,No degree,3.7,0.038239,1,1.0373821989528795,1.0797299063318317
P31677,45-59,Woman,Midlands,No degree,7.6,0.043192,1,0.8886324786324786,0.9320604576512047
P31690,45-59,Man,North,Degree,3.2,0.061237,1,0.6375257731958762,0.5694831182261657
P31802,30-44,Man,Scotland/Wales,Degree,5.7,0.052804,1,0.6961,0.7553388210528066
P31892,60+,Man,Midlands,No degree,5.6,0.01841,1,2.3322522522522524,2.0633025070979794
P31950,18-29,Woman,North,No degree,6.1,0.034173,1,1.099366515837104,1.1994963209748883
P31967,18-29,Man,London,Degree,5.6,0.060918,1,0.8527935222672065,0.6542638188747341
P31975,60+,Man,South,No degree,5.3,0.01841,1,2.3322522522522524,2.1037967039270837
P31991,18-29,Woman,Midlands,Degree,4.6,0.053563,1,0.8527935222672065,0.7645812829645364
P32006,30-44,Woman,North,No degree,5.7,0.038239,1,1.0373821989528795,1.0571123461325747
P32045,45-59,Man,Scotland/Wales,Degree,4.7,0.057214,1,0.6375257731958762,0.6520347756449332
P32067,30-44,Woman,Midlands,Degree,4.6,0.057214,1,0.6961,0.6738230869993773
P32153,18-29,Man,North,Degree,6.9,0.053563,1,0.8527935222672065,0.7485652746153514
P32242,45-59,Man,London,No degree,3.8,0.05165,1,0.8886324786324786,0.7975782928932811
P32246,18-29,Man,North,No degree,8.2,0.034173,1,1.099366515837104,1.1994963209748883
P32263,60+,Man,North,Degree,6.3,0.035381,1,0.9024852071005918,1.2606649450048188
P32276,30-44,Woman,London,No degree,4.6,0.046879,1,1.0373821989528795,0.9239412834314563
P32284,30-44,Man,Scotland/Wales,Degree,8.2,0.052804,1,0.6961,0.7553388210528066
P32319,45-59,Man,North,No degree,7.3,0.043192,1,0.8886324786324786,0.9125361920115775
P32320,30-44,Woman,North,No degree,1.1,0.038239,1,1.0373821989528795,1.0571123461325747
P32327,30-44,Man,North,Degree,4.1,0.057214,1,0.6961,0.6597082290664027
P32360,18-29,Man,North,Degree,3.9,0.053563,1,0.8527935222672065,0.7485652746153514
P32364,45-59,Woman,North,Degree,6.6,0.061237,1,0.6375257731958762,0.5694831182261657
P32403,18-29,Man,South,Degree,3.6,0.053563,1,0.8527935222672065,0.7795868891990588
P32419,60+,Woman,London,Degree,6.9,0.044016,1,0.9024852071005918,1.1018510866192461
P32428,30-44,Woman,Scotland/Wales,No degree,2.0,0.033374,1,1.0373821989528795,1.2103502094829488
P32438,45-59,Man,North,No degree,6.8,0.043192,1,0.8886324786324786,0.9125361920115775
P32456,45-59,Man,North,Degree,6.5,0.061237,1,0.6375257731958762,0.5694831182261657
P32458,45-59,Woman,London,No degree,4.9,0.05165,1,0.8886324786324786,0.7975782928932811
P32482,45-59,Woman,South,No degree,5.5,0.043192,1,0.8886324786324786,0.9503529957055676
P32520,30-44,Woman,Midlands,No degree,5.4,0.038239,1,1.0373821989528795,1.0797299063318317
P32522,30-44,Man,South,No degree,5.3,0.038239,1,1.0373821989528795,1.1009205922340977
P32538,18-29,Woman,London,Degree,5.8,0.060918,1,0.8527935222672065,0.6542638188747341
P32547,18-29,Woman,London,No degree,6.1,0.042779,1,1.099366515837104,1.0483882572438128
P32582,45-59,Woman,South,Degree,5.3,0.061237,1,0.6375257731958762,0.593083312363701
P32636,45-59,Man,North,Degree,6.2,0.061237,1,0.6375257731958762,0.5694831182261657
P32650,45-59,Woman,North,Degree,8.0,0.061237,1,0.6375257731958762,0.5694831182261657
P32668,18-29,Woman,London,Degree,6.6,0.060918,1,0.8527935222672065,0.6542638188747341
P32676,45-59,Woman,North,Degree,8.0,0.061237,1,0.6375257731958762,0.5694831182261657
P32687,30-44,Woman,South,No degree,5.2,0.038239,1,1.0373821989528795,1.1009205922340977
P32739,18-29,Man,London,Degree,9.0,0.060918,1,0.8527935222672065,0.6542638188747341
P32754,30-44,Man,Scotland/Wales,Degree,5.9,0.052804,1,0.6961,0.7553388210528066
P32772,60+,Woman,Midlands,No degree,4.8,0.01841,1,2.3322522522522524,2.0633025070979794
P32780,45-59,Woman,Scotland/Wales,Degree,7.1,0.057214,1,0.6375257731958762,0.6520347756449332
P32887,18-29,Woman,North,No degree,3.9,0.034173,1,1.099366515837104,1.1994963209748883
P32901,30-44,Man,Midlands,Degree,8.4,0.057214,1,0.6961,0.6738230869993773
P32944,60+,Woman,South,No degree,8.0,0.01841,1,2.3322522522522524,2.1037967039270837
P32946,45-59,Man,Scotland/Wales,Degree,5.4,0.057214,1,0.6375257731958762,0.6520347756449332
P32949,45-59,Woman,South,No degree,9.3,0.043192,1,0.8886324786324786,0.9503529957055676
P32958,45-59,Man,London,No degree,9.6,0.05165,1,0.8886324786324786,0.7975782928932811
P33019,60+,Man,South,No degree,4.2,0.01841,1,2.3322522522522524,2.1037967039270837
P33021,45-59,Man,Midlands,Degree,4.5,0.061237,1,0.6375257731958762,0.5816675551557531
P33038,30-44,Man,North,No degree,5.6,0.038239,1,1.0373821989528795,1.0571123461325747
P33088,18-29,Man,South,Degree,3.0,0.053563,1,0.8527935222672065,0.7795868891990588
P33117,30-44,Man,South,No degree,4.7,0.038239,1,1.0373821989528795,1.1009205922340977
P33158,60+,Man,Midlands,No degree,5.2,0.01841,1,2.3322522522522524,2.0633025070979794
P33162,30-44,Woman,South,No degree,9.4,0.038239,1,1.0373821989528795,1.1009205922340977
P33278,45-59,Woman,South,No degree,6.8,0.043192,1,0.8886324786324786,0.9503529957055676
P33310,45-59,Woman,Midlands,Degree,6.8,0.061237,1,0.6375257731958762,0.5816675551557531
P33359,60+,Man,Scotland/Wales,No degree,3.6,0.015204,1,2.3322522522522524,2.312910485342466
P33384,45-59,Man,Midlands,No degree,8.9,0.043192,1,0.8886324786324786,0.9320604576512047
P33439,60+,Woman,London,Degree,4.8,0.044016,1,0.9024852071005918,1.1018510866192461
P33450,45-59,Man,South,No degree,7.3,0.043192,1,0.8886324786324786,0.9503529957055676
P33457,45-59,Man,North,No degree,4.9,0.043192,1,0.8886324786324786,0.9125361920115775
P33460,60+,Woman,Scotland/Wales,No degree,6.4,0.015204,1,2.3322522522522524,2.312910485342466
P33468,60+,Woman,South,No degree,5.6,0.01841,1,2.3322522522522524,2.1037967039270837
P33470,30-44,Man,South,No degree,10.0,0.038239,1,1.0373821989528795,1.1009205922340977
P33535,18-29,Woman,North,Degree,6.0,0.053563,1,0.8527935222672065,0.7485652746153514
P33565,45-59,Man,North,No degree,5.0,0.043192,1,0.8886324786324786,0.9125361920115775
P33588,45-59,Woman,Midlands,Degree,6.8,0.061237,1,0.6375257731958762,0.5816675551557531
P33625,30-44,Woman,South,No degree,8.2,0.038239,1,1.0373821989528795,1.1009205922340977
P33655,45-59,Woman,London,No degree,7.4,0.05165,1,0.8886324786324786,0.7975782928932811
P33680,18-29,Man,North,No degree,6.0,0.034173,1,1.099366515837104,1.1994963209748883
P33710,45-59,Woman,Scotland/Wales,No degree,5.5,0.038239,1,0.8886324786324786,1.0448164522935846
P33715,30-44,Woman,South,Degree,5.2,0.057214,1,0.6961,0.6870474807172545
P33718,60+,Woman,Midlands,Degree,7.4,0.035381,1,0.9024852071005918,1.2876376365915312
P33779,18-29,Woman,Midlands,No degree,5.4,0.034173,1,1.099366515837104,1.2251602727276898
P33795,60+,Woman,London,Degree,7.6,0.044016,1,0.9024852071005918,1.1018510866192461
P33817,30-44,Man,Midlands,No degree,5.8,0.038239,1,1.0373821989528795,1.0797299063318317
P33829,45-59,Woman,North,Degree,7.0,0.061237,1,0.6375257731958762,0.5694831182261657
P33834,30-44,Woman,North,No degree,2.9,0.038239,1,1.0373821989528795,1.0571123461325747
P33886,60+,Woman,Scotland/Wales,No degree,5.2,0.015204,1,2.3322522522522524,2.312910485342466
P33915,30-44,Man,London,No degree,8.1,0.046879,1,1.0373821989528795,0.9239412834314563
P33947,45-59,Man,Midlands,Degree,8.3,0.061237,1,0.6375257731958762,0.5816675551557531
P33969,45-59,Woman,North,Degree,6.1,0.061237,1,0.6375257731958762,0.5694831182261657
P33997,60+,Woman,South,No degree,5.3,0.01841,1,2.3322522522522524,2.1037967039270837
P34051,18-29,Man,North,Degree,4.6,0.053563,1,0.8527935222672065,0.7485652746153514
P34076,18-29,Man,North,No degree,0.8,0.034173,1,1.099366515837104,1.1994963209748883
P34090,60+,Woman,North,Degree,6.6,0.035381,1,0.9024852071005918,1.2606649450048188
P34122,60+,Non-binary / other,North,Degree,8.3,0.035381,1,0.9024852071005918,1.2606649450048188
P34140,60+,Man,South,No degree,8.1,0.01841,1,2.3322522522522524,2.1037967039270837
P34150,30-44,Woman,London,Degree,6.6,0.063968,1,0.6961,0.5766006518454402
P34166,45-59,Woman,Scotland/Wales,No degree,7.1,0.038239,1,0.8886324786324786,1.0448164522935846
P34171,45-59,Man,North,Degree,6.1,0.061237,1,0.6375257731958762,0.5694831182261657
P34197,30-44,Man,London,No degree,7.7,0.046879,1,1.0373821989528795,0.9239412834314563
P34204,45-59,Woman,North,Degree,7.1,0.061237,1,0.6375257731958762,0.5694831182261657
P34216,30-44,Woman,South,Degree,6.8,0.057214,1,0.6961,0.6870474807172545
P34248,60+,Woman,North,Degree,5.7,0.035381,1,0.9024852071005918,1.2606649450048188
P34254,60+,Woman,Midlands,No degree,3.9,0.01841,1,2.3322522522522524,2.0633025070979794
P34268,45-59,Man,Midlands,No degree,6.2,0.043192,1,0.8886324786324786,0.9320604576512047
P34332,30-44,Woman,Midlands,No degree,6.1,0.038239,1,1.0373821989528795,1.0797299063318317
P34335,18-29,Man,North,No degree,6.4,0.034173,1,1.099366515837104,1.1994963209748883
P34362,30-44,Woman,North,No degree,4.7,0.038239,1,1.0373821989528795,1.0571123461325747
P34376,18-29,Woman,London,Degree,3.5,0.060918,1,0.8527935222672065,0.6542638188747341
P34389,30-44,Man,Scotland/Wales,No degree,2.4,0.033374,1,1.0373821989528795,1.2103502094829488
P34440,60+,Man,London,No degree,5.2,0.025101,1,2.3322522522522524,1.7655992997285437
P34453,60+,Man,Midlands,No degree,6.0,0.01841,1,2.3322522522522524,2.0633025070979794
P34528,30-44,Man,Midlands,Degree,5.5,0.057214,1,0.6961,0.6738230869993773
P34591,45-59,Man,South,No degree,8.1,0.043192,1,0.8886324786324786,0.9503529957055676
P34626,18-29,Man,North,Degree,4.4,0.053563,1,0.8527935222672065,0.7485652746153514
P34627,30-44,Man,South,No degree,5.2,0.038239,1,1.0373821989528795,1.1009205922340977
P34685,18-29,Man,London,Degree,4.9,0.060918,1,0.8527935222672065,0.6542638188747341
P34769,45-59,Woman,London,Degree,5.2,0.067212,1,0.6375257731958762,0.49774176327748904
P34775,60+,Man,South,No degree,6.4,0.01841,1,2.3322522522522524,2.1037967039270837
P34788,30-44,Woman,Midlands,Degree,4.0,0.057214,1,0.6961,0.6738230869993773
P34835,45-59,Woman,South,No degree,5.0,0.043192,1,0.8886324786324786,0.9503529957055676
P34849,18-29,Man,South,Degree,5.3,0.053563,1,0.8527935222672065,0.7795868891990588
P34850,45-59,Man,London,No degree,4.2,0.05165,1,0.8886324786324786,0.7975782928932811
P34882,30-44,Woman,North,Degree,6.4,0.057214,1,0.6961,0.6597082290664027
P34958,45-59,Man,London,Degree,5.3,0.067212,1,0.6375257731958762,0.49774176327748904
P34970,45-59,Woman,North,No degree,5.3,0.043192,1,0.8886324786324786,0.9125361920115775
P35005,30-44,Woman,North,Degree,6.0,0.057214,1,0.6961,0.6597082290664027
P35012,30-44,Woman,Midlands,No degree,2.7,0.038239,1,1.0373821989528795,1.0797299063318317
P35035,18-29,Man,Midlands,No degree,5.0,0.034173,1,1.099366515837104,1.2251602727276898
P35084,45-59,Woman,South,No degree,3.8,0.043192,1,0.8886324786324786,0.9503529957055676
P35101,45-59,Woman,North,No degree,5.5,0.043192,1,0.8886324786324786,0.9125361920115775
P35128,60+,Woman,South,No degree,6.9,0.01841,1,2.3322522522522524,2.1037967039270837
P35135,30-44,Woman,North,Degree,4.1,0.057214,1,0.6961,0.6597082290664027
P35158,45-59,Man,London,Degree,5.3,0.067212,1,0.6375257731958762,0.49774176327748904
P35171,30-44,Man,North,No degree,3.7,0.038239,1,1.0373821989528795,1.0571123461325747
P35224,30-44,Woman,North,No degree,5.6,0.038239,1,1.0373821989528795,1.0571123461325747
P35237,30-44,Woman,Midlands,No degree,6.6,0.038239,1,1.0373821989528795,1.0797299063318317
P35266,18-29,Woman,Midlands,No degree,6.4,0.034173,1,1.099366515837104,1.2251602727276898
P35270,60+,Woman,Midlands,No degree,6.7,0.01841,1,2.3322522522522524,2.0633025070979794
P35292,18-29,Woman,North,No degree,3.4,0.034173,1,1.099366515837104,1.1994963209748883
P35353,30-44,Woman,London,No degree,5.9,0.046879,1,1.0373821989528795,0.9239412834314563
P35369,30-44,Man,Midlands,Degree,5.1,0.057214,1,0.6961,0.6738230869993773
P35391,60+,Woman,North,No degree,6.3,0.01841,1,2.3322522522522524,2.0200816345539305
P35411,60+,Man,London,Degree,6.6,0.044016,1,0.9024852071005918,1.1018510866192461
P35413,18-29,Man,Scotland/Wales,Degree,4.5,0.048894,1,0.8527935222672065,0.8570764879031357
P35463,60+,Man,London,Degree,5.0,0.044016,1,0.9024852071005918,1.1018510866192461
P35472,30-44,Man,North,Degree,4.6,0.057214,1,0.6961,0.6597082290664027
P35475,45-59,Woman,Midlands,No degree,5.1,0.043192,1,0.8886324786324786,0.9320604576512047
P35485,45-59,Man,North,No degree,4.4,0.043192,1,0.8886324786324786,0.9125361920115775
P35489,45-59,Woman,North,No degree,4.4,0.043192,1,0.8886324786324786,0.9125361920115775
P35563,60+,Woman,Scotland/Wales,No degree,4.1,0.015204,1,2.3322522522522524,2.312910485342466
P35572,45-59,Man,Scotland/Wales,No degree,6.7,0.038239,1,0.8886324786324786,1.0448164522935846
P35600,18-29,Man,Midlands,No degree,6.9,0.034173,1,1.099366515837104,1.2251602727276898
P35652,45-59,Man,London,No degree,6.8,0.05165,1,0.8886324786324786,0.7975782928932811
P35659,45-59,Woman,North,No degree,4.7,0.043192,1,0.8886324786324786,0.9125361920115775
P35692,60+,Woman,Scotland/Wales,Degree,4.2,0.030629,1,0.9024852071005918,1.4434095731231131
P35715,45-59,Woman,Scotland/Wales,No degree,3.4,0.038239,1,0.8886324786324786,1.0448164522935846
P35767,45-59,Woman,North,No degree,5.0,0.043192,1,0.8886324786324786,0.9125361920115775
P35773,30-44,Woman,South,Degree,7.6,0.057214,1,0.6961,0.6870474807172545
P35775,45-59,Woman,North,No degree,4.9,0.043192,1,0.8886324786324786,0.9125361920115775
P35848,60+,Man,North,Degree,7.3,0.035381,1,0.9024852071005918,1.2606649450048188
P35885,30-44,Man,Scotland/Wales,No degree,5.1,0.033374,1,1.0373821989528795,1.2103502094829488
P35893,30-44,Man,South,No degree,4.4,0.038239,1,1.0373821989528795,1.1009205922340977
P35977,18-29,Man,Midlands,Degree,5.3,0.053563,1,0.8527935222672065,0.7645812829645364
P36025,30-44,Man,Midlands,No degree,2.3,0.038239,1,1.0373821989528795,1.0797299063318317
P36054,18-29,Woman,South,Degree,5.5,0.053563,1,0.8527935222672065,0.7795868891990588
P36055,45-59,Woman,Midlands,No degree,5.6,0.043192,1,0.8886324786324786,0.9320604576512047
P36075,30-44,Man,Scotland/Wales,Degree,5.7,0.052804,1,0.6961,0.7553388210528066
P36097,30-44,Woman,North,Degree,5.1,0.057214,1,0.6961,0.6597082290664027
P36117,30-44,Man,Scotland/Wales,No degree,6.9,0.033374,1,1.0373821989528795,1.2103502094829488
P36134,45-59,Man,Scotland/Wales,No degree,8.5,0.038239,1,0.8886324786324786,1.0448164522935846
P36151,45-59,Man,North,Degree,7.1,0.061237,1,0.6375257731958762,0.5694831182261657
P36162,30-44,Woman,South,Degree,5.4,0.057214,1,0.6961,0.6870474807172545
P36169,30-44,Woman,London,No degree,6.0,0.046879,1,1.0373821989528795,0.9239412834314563
P36234,45-59,Woman,South,No degree,5.2,0.043192,1,0.8886324786324786,0.9503529957055676
P36262,30-44,Woman,South,No degree,7.6,0.038239,1,1.0373821989528795,1.1009205922340977
P36263,60+,Woman,Midlands,Degree,9.6,0.035381,1,0.9024852071005918,1.2876376365915312
P36288,60+,Man,South,Degree,5.7,0.035381,1,0.9024852071005918,1.3129087016541312
P36300,30-44,Man,North,No degree,5.7,0.038239,1,1.0373821989528795,1.0571123461325747
P36375,18-29,Woman,North,Degree,4.3,0.053563,1,0.8527935222672065,0.7485652746153514
P36386,45-59,Man,Scotland/Wales,Degree,5.1,0.057214,1,0.6375257731958762,0.6520347756449332
P36392,45-59,Man,Scotland/Wales,No degree,6.2,0.038239,1,0.8886324786324786,1.0448164522935846
P36408,18-29,Man,Scotland/Wales,No degree,3.9,0.029482,1,1.099366515837104,1.3733740114543207
P36422,30-44,Woman,London,Degree,7.1,0.063968,1,0.6961,0.5766006518454402
P36428,18-29,Man,North,Degree,1.0,0.053563,1,0.8527935222672065,0.7485652746153514
P36436,30-44,Man,South,Degree,5.5,0.057214,1,0.6961,0.6870474807172545
P36470,30-44,Woman,South,Degree,6.0,0.057214,1,0.6961,0.6870474807172545
P36473,45-59,Woman,North,No degree,4.2,0.043192,1,0.8886324786324786,0.9125361920115775
P36509,30-44,Man,Midlands,Degree,5.8,0.057214,1,0.6961,0.6738230869993773
P36545,18-29,Man,North,No degree,3.5,0.034173,1,1.099366515837104,1.1994963209748883
P36565,45-59,Woman,South,Degree,7.3,0.061237,1,0.6375257731958762,0.593083312363701
P36592,30-44,Woman,North,No degree,6.2,0.038239,1,1.0373821989528795,1.0571123461325747
P36625,45-59,Woman,South,No degree,10.0,0.043192,1,0.8886324786324786,0.9503529957055676
P36644,30-44,Woman,London,No degree,4.7,0.046879,1,1.0373821989528795,0.9239412834314563
P36757,45-59,Woman,London,No degree,5.7,0.05165,1,0.8886324786324786,0.7975782928932811
P36767,45-59,Woman,Scotland/Wales,No degree,5.3,0.038239,1,0.8886324786324786,1.0448164522935846
P36781,45-59,Man,Midlands,Degree,6.2,0.061237,1,0.6375257731958762,0.5816675551557531
P36787,30-44,Woman,Midlands,No degree,5.1,0.038239,1,1.0373821989528795,1.0797299063318317
P36848,30-44,Man,South,Degree,4.5,0.057214,1,0.6961,0.6870474807172545
P36888,45-59,Woman,North,No degree,5.6,0.043192,1,0.8886324786324786,0.9125361920115775
P36891,18-29,Woman,London,Degree,6.8,0.060918,1,0.8527935222672065,0.6542638188747341
P36903,30-44,Woman,London,No degree,9.1,0.046879,1,1.0373821989528795,0.9239412834314563
P36914,18-29,Woman,Midlands,No degree,4.5,0.034173,1,1.099366515837104,1.2251602727276898
P36923,45-59,Man,South,No degree,6.3,0.043192,1,0.8886324786324786,0.9503529957055676
P36944,30-44,Man,South,Degree,8.9,0.057214,1,0.6961,0.6870474807172545
P36967,30-44,Man,London,No degree,6.0,0.046879,1,1.0373821989528795,0.9239412834314563
P37020,30-44,Man,Midlands,Degree,6.1,0.057214,1,0.6961,0.6738230869993773
P37040,18-29,Woman,South,Degree,5.7,0.053563,1,0.8527935222672065,0.7795868891990588
P37053,45-59,Woman,Midlands,No degree,7.9,0.043192,1,0.8886324786324786,0.9320604576512047
P37054,18-29,Woman,South,No degree,7.6,0.034173,1,1.099366515837104,1.249205162442292
P37085,30-44,Woman,Scotland/Wales,No degree,5.8,0.033374,1,1.0373821989528795,1.2103502094829488
P37103,18-29,Man,North,No degree,6.3,0.034173,1,1.099366515837104,1.1994963209748883
P37230,30-44,Man,North,Degree,6.2,0.057214,1,0.6961,0.6597082290664027
P37240,60+,Man,Midlands,No degree,9.3,0.01841,1,2.3322522522522524,2.0633025070979794
P37248,18-29,Woman,North,No degree,6.7,0.034173,1,1.099366515837104,1.1994963209748883
P37262,45-59,Man,North,No degree,3.9,0.043192,1,0.8886324786324786,0.9125361920115775
P37278,60+,Woman,North,Degree,6.3,0.035381,1,0.9024852071005918,1.2606649450048188
P37355,45-59,Non-binary / other,London,No degree,7.7,0.05165,1,0.8886324786324786,0.7975782928932811
P37357,30-44,Man,Midlands,Degree,5.3,0.057214,1,0.6961,0.6738230869993773
P37362,30-44,Non-binary / other,Scotland/Wales,No degree,3.2,0.033374,1,1.0373821989528795,1.2103502094829488
P37431,18-29,Man,South,Degree,6.6,0.053563,1,0.8527935222672065,0.7795868891990588
P37500,45-59,Man,North,No degree,6.4,0.043192,1,0.8886324786324786,0.9125361920115775
P37502,45-59,Woman,North,No degree,6.8,0.043192,1,0.8886324786324786,0.9125361920115775
P37512,18-29,Woman,South,Degree,2.7,0.053563,1,0.8527935222672065,0.7795868891990588
P37530,30-44,Woman,South,Degree,6.2,0.057214,1,0.6961,0.6870474807172545
P37533,30-44,Woman,Midlands,Degree,4.8,0.057214,1,0.6961,0.6738230869993773
P37544,45-59,Non-binary / other,Scotland/Wales,No degree,4.7,0.038239,1,0.8886324786324786,1.0448164522935846
P37546,30-44,Man,London,Degree,7.7,0.063968,1,0.6961,0.5766006518454402
P37560,45-59,Man,South,No degree,8.2,0.043192,1,0.8886324786324786,0.9503529957055676
P37569,30-44,Man,Midlands,No degree,3.6,0.038239,1,1.0373821989528795,1.0797299063318317
P37609,18-29,Woman,Scotland/Wales,No degree,5.6,0.029482,1,1.099366515837104,1.3733740114543207
P37626,45-59,Man,South,No degree,5.1,0.043192,1,0.8886324786324786,0.9503529957055676
P37671,18-29,Man,Midlands,No degree,3.0,0.034173,1,1.099366515837104,1.2251602727276898
P37717,45-59,Woman,North,No degree,8.4,0.043192,1,0.8886324786324786,0.9125361920115775
P37729,45-59,Woman,South,Degree,6.8,0.061237,1,0.6375257731958762,0.593083312363701
P37730,60+,Woman,London,Degree,4.8,0.044016,1,0.9024852071005918,1.1018510866192461
P37820,45-59,Woman,Scotland/Wales,No degree,6.6,0.038239,1,0.8886324786324786,1.0448164522935846
P37867,45-59,Man,Scotland/Wales,No degree,5.9,0.038239,1,0.8886324786324786,1.0448164522935846
P37899,45-59,Woman,London,Degree,5.1,0.067212,1,0.6375257731958762,0.49774176327748904
P37908,60+,Non-binary / other,North,Degree,5.9,0.035381,1,0.9024852071005918,1.2606649450048188
P37954,18-29,Woman,Midlands,Degree,6.0,0.053563,1,0.8527935222672065,0.7645812829645364
P38019,60+,Man,North,No degree,5.3,0.01841,1,2.3322522522522524,2.0200816345539305
P38061,60+,Man,London,Degree,4.3,0.044016,1,0.9024852071005918,1.1018510866192461
P38115,18-29,Woman,Midlands,No degree,6.4,0.034173,1,1.099366515837104,1.2251602727276898
P38121,45-59,Woman,South,No degree,3.5,0.043192,1,0.8886324786324786,0.9503529957055676
P38155,18-29,Woman,North,No degree,3.6,0.034173,1,1.099366515837104,1.1994963209748883
P38178,30-44,Woman,South,No degree,4.6,0.038239,1,1.0373821989528795,1.1009205922340977
P38197,30-44,Man,North,Degree,5.9,0.057214,1,0.6961,0.6597082290664027
P38208,30-44,Man,South,No degree,4.5,0.038239,1,1.0373821989528795,1.1009205922340977
P38290,30-44,Woman,South,No degree,4.6,0.038239,1,1.0373821989528795,1.1009205922340977
P38294,45-59,Man,London,Degree,2.7,0.067212,1,0.6375257731958762,0.49774176327748904
P38297,45-59,Man,Midlands,No degree,4.4,0.043192,1,0.8886324786324786,0.9320604576512047
P38305,60+,Man,South,No degree,6.3,0.01841,1,2.3322522522522524,2.1037967039270837
P38375,30-44,Woman,Scotland/Wales,Degree,3.8,0.052804,1,0.6961,0.7553388210528066
P38377,30-44,Man,South,Degree,3.0,0.057214,1,0.6961,0.6870474807172545
P38378,45-59,Man,London,No degree,6.6,0.05165,1,0.8886324786324786,0.7975782928932811
P38396,45-59,Man,South,Degree,4.7,0.061237,1,0.6375257731958762,0.593083312363701
P38443,30-44,Man,London,Degree,5.2,0.063968,1,0.6961,0.5766006518454402
P38518,30-44,Man,Midlands,No degree,7.1,0.038239,1,1.0373821989528795,1.0797299063318317
P38527,30-44,Man,South,No degree,4.9,0.038239,1,1.0373821989528795,1.1009205922340977
P38537,30-44,Woman,London,No degree,5.7,0.046879,1,1.0373821989528795,0.9239412834314563
P38581,30-44,Woman,Midlands,No degree,3.1,0.038239,1,1.0373821989528795,1.0797299063318317
P38584,45-59,Man,North,No degree,8.9,0.043192,1,0.8886324786324786,0.9125361920115775
P38613,45-59,Woman,South,Degree,5.7,0.061237,1,0.6375257731958762,0.593083312363701
P38630,60+,Man,North,No degree,6.4,0.01841,1,2.3322522522522524,2.0200816345539305
P38652,30-44,Woman,Midlands,No degree,4.7,0.038239,1,1.0373821989528795,1.0797299063318317
P38696,30-44,Woman,North,No degree,1.7,0.038239,1,1.0373821989528795,1.0571123461325747
P38710,45-59,Man,North,No degree,5.4,0.043192,1,0.8886324786324786,0.9125361920115775
P38724,18-29,Woman,North,Degree,3.5,0.053563,1,0.8527935222672065,0.7485652746153514
P38740,18-29,Man,North,Degree,6.0,0.053563,1,0.8527935222672065,0.7485652746153514
P38769,18-29,Man,London,Degree,4.5,0.060918,1,0.8527935222672065,0.6542638188747341
P38771,30-44,Man,North,Degree,5.4,0.057214,1,0.6961,0.6597082290664027
P38776,60+,Man,North,Degree,8.2,0.035381,1,0.9024852071005918,1.2606649450048188
P38788,45-59,Woman,North,No degree,4.5,0.043192,1,0.8886324786324786,0.9125361920115775
P38804,45-59,Woman,South,No degree,5.0,0.043192,1,0.8886324786324786,0.9503529957055676
P38826,45-59,Woman,Midlands,No degree,6.6,0.043192,1,0.8886324786324786,0.9320604576512047
P38846,45-59,Man,Midlands,No degree,4.2,0.043192,1,0.8886324786324786,0.9320604576512047
P38858,30-44,Man,Midlands,No degree,1.7,0.038239,1,1.0373821989528795,1.0797299063318317
P38882,45-59,Woman,North,No degree,5.9,0.043192,1,0.8886324786324786,0.9125361920115775
P38884,30-44,Woman,North,No degree,3.9,0.038239,1,1.0373821989528795,1.0571123461325747
P38923,60+,Woman,Midlands,No degree,2.4,0.01841,1,2.3322522522522524,2.0633025070979794
P38938,45-59,Man,North,Degree,7.4,0.061237,1,0.6375257731958762,0.5694831182261657
P38952,30-44,Woman,North,No degree,4.5,0.038239,1,1.0373821989528795,1.0571123461325747
P38957,45-59,Man,North,No degree,8.5,0.043192,1,0.8886324786324786,0.9125361920115775
P39022,18-29,Woman,North,Degree,4.6,0.053563,1,0.8527935222672065,0.7485652746153514
P39063,30-44,Woman,London,Degree,7.7,0.063968,1,0.6961,0.5766006518454402
P39068,60+,Woman,North,No degree,4.8,0.01841,1,2.3322522522522524,2.0200816345539305
P39175,45-59,Man,South,Degree,3.2,0.061237,1,0.6375257731958762,0.593083312363701
P39201,45-59,Woman,South,Degree,3.6,0.061237,1,0.6375257731958762,0.593083312363701
P39238,45-59,Man,South,No degree,5.9,0.043192,1,0.8886324786324786,0.9503529957055676
P39277,30-44,Woman,North,No degree,6.6,0.038239,1,1.0373821989528795,1.0571123461325747
P39290,45-59,Woman,Midlands,No degree,5.9,0.043192,1,0.8886324786324786,0.9320604576512047
P39315,18-29,Woman,North,No degree,5.5,0.034173,1,1.099366515837104,1.1994963209748883
P39358,60+,Woman,South,Degree,6.1,0.035381,1,0.9024852071005918,1.3129087016541312
P39372,18-29,Woman,South,Degree,7.1,0.053563,1,0.8527935222672065,0.7795868891990588
P39375,30-44,Woman,North,Degree,5.3,0.057214,1,0.6961,0.6597082290664027
P39377,30-44,Man,London,Degree,6.8,0.063968,1,0.6961,0.5766006518454402
P39382,45-59,Man,London,Degree,8.5,0.067212,1,0.6375257731958762,0.49774176327748904
P39420,45-59,Woman,North,Degree,7.1,0.061237,1,0.6375257731958762,0.5694831182261657
P39458,60+,Man,Midlands,No degree,8.3,0.01841,1,2.3322522522522524,2.0633025070979794
P39464,45-59,Woman,Midlands,No degree,5.7,0.043192,1,0.8886324786324786,0.9320604576512047
P39544,45-59,Man,North,No degree,6.8,0.043192,1,0.8886324786324786,0.9125361920115775
P39554,45-59,Man,South,No degree,4.8,0.043192,1,0.8886324786324786,0.9503529957055676
P39577,18-29,Woman,South,Degree,4.0,0.053563,1,0.8527935222672065,0.7795868891990588
P39593,18-29,Woman,North,No degree,6.0,0.034173,1,1.099366515837104,1.1994963209748883
P39713,30-44,Woman,North,No degree,3.4,0.038239,1,1.0373821989528795,1.0571123461325747
P39724,60+,Woman,London,Degree,6.5,0.044016,1,0.9024852071005918,1.1018510866192461
P39770,45-59,Woman,Scotland/Wales,Degree,7.4,0.057214,1,0.6375257731958762,0.6520347756449332
P39772,60+,Man,London,No degree,3.4,0.025101,1,2.3322522522522524,1.7655992997285437
P39786,60+,Man,South,No degree,7.0,0.01841,1,2.3322522522522524,2.1037967039270837
P39795,30-44,Woman,South,Degree,6.3,0.057214,1,0.6961,0.6870474807172545
P39823,18-29,Man,South,No degree,6.4,0.034173,1,1.099366515837104,1.249205162442292
P39844,30-44,Woman,North,No degree,6.2,0.038239,1,1.0373821989528795,1.0571123461325747
P39874,30-44,Man,Midlands,No degree,4.0,0.038239,1,1.0373821989528795,1.0797299063318317
P39886,30-44,Man,North,No degree,4.1,0.038239,1,1.0373821989528795,1.0571123461325747
P39923,18-29,Man,North,No degree,4.5,0.034173,1,1.099366515837104,1.1994963209748883
P39937,18-29,Man,London,No degree,5.1,0.042779,1,1.099366515837104,1.0483882572438128
P39941,30-44,Man,North,No degree,5.6,0.038239,1,1.0373821989528795,1.0571123461325747
P39950,45-59,Woman,London,No degree,4.4,0.05165,1,0.8886324786324786,0.7975782928932811
P39980,60+,Woman,Midlands,No degree,7.3,0.01841,1,2.3322522522522524,2.0633025070979794
P40013,45-59,Man,Midlands,Degree,3.9,0.061237,1,0.6375257731958762,0.5816675551557531
P40041,45-59,Woman,Scotland/Wales,Degree,5.5,0.057214,1,0.6375257731958762,0.6520347756449332
P40049,45-59,Man,Scotland/Wales,No degree,9.9,0.038239,1,0.8886324786324786,1.0448164522935846
P40063,45-59,Man,North,Degree,5.9,0.061237,1,0.6375257731958762,0.5694831182261657
P40129,30-44,Woman,Scotland/Wales,Degree,6.0,0.052804,1,0.6961,0.7553388210528066
P40130,30-44,Woman,London,Degree,8.6,0.063968,1,0.6961,0.5766006518454402
P40140,30-44,Woman,London,Degree,7.0,0.063968,1,0.6961,0.5766006518454402
P40150,60+,Man,North,Degree,5.8,0.035381,1,0.9024852071005918,1.2606649450048188
P40167,45-59,Man,North,No degree,5.7,0.043192,1,0.8886324786324786,0.9125361920115775
P40184,45-59,Woman,North,Degree,7.1,0.061237,1,0.6375257731958762,0.5694831182261657
P40199,45-59,Man,South,Degree,7.5,0.061237,1,0.6375257731958762,0.593083312363701
P40280,18-29,Man,Midlands,Degree,3.0,0.053563,1,0.8527935222672065,0.7645812829645364
P40328,18-29,Woman,North,No degree,5.2,0.034173,1,1.099366515837104,1.1994963209748883
P40336,60+,Man,South,No degree,8.4,0.01841,1,2.3322522522522524,2.1037967039270837
P40363,30-44,Man,London,Degree,7.6,0.063968,1,0.6961,0.5766006518454402
P40394,30-44,Woman,London,No degree,3.9,0.046879,1,1.0373821989528795,0.9239412834314563
P40401,18-29,Woman,South,Degree,6.7,0.053563,1,0.8527935222672065,0.7795868891990588
P40408,45-59,Man,Scotland/Wales,No degree,5.7,0.038239,1,0.8886324786324786,1.0448164522935846
P40461,30-44,Man,South,No degree,5.6,0.038239,1,1.0373821989528795,1.1009205922340977
P40462,18-29,Woman,North,Degree,7.3,0.053563,1,0.8527935222672065,0.7485652746153514
P40500,30-44,Woman,South,Degree,4.1,0.057214,1,0.6961,0.6870474807172545
P40534,45-59,Man,South,No degree,5.0,0.043192,1,0.8886324786324786,0.9503529957055676
P40544,30-44,Woman,Midlands,Degree,5.6,0.057214,1,0.6961,0.6738230869993773
P40550,30-44,Man,London,Degree,4.6,0.063968,1,0.6961,0.5766006518454402
P40552,18-29,Woman,North,Degree,6.1,0.053563,1,0.8527935222672065,0.7485652746153514
P40556,45-59,Man,Scotland/Wales,Degree,7.3,0.057214,1,0.6375257731958762,0.6520347756449332
P40576,30-44,Man,South,No degree,6.2,0.038239,1,1.0373821989528795,1.1009205922340977
P40609,45-59,Woman,South,No degree,6.1,0.043192,1,0.8886324786324786,0.9503529957055676
P40615,18-29,Man,Midlands,No degree,6.4,0.034173,1,1.099366515837104,1.2251602727276898
P40622,30-44,Woman,Scotland/Wales,Degree,4.5,0.052804,1,0.6961,0.7553388210528066
P40700,18-29,Woman,Midlands,Degree,9.1,0.053563,1,0.8527935222672065,0.7645812829645364
P40751,45-59,Man,London,No degree,5.4,0.05165,1,0.8886324786324786,0.7975782928932811
P40759,30-44,Man,South,Degree,4.3,0.057214,1,0.6961,0.6870474807172545
P40841,30-44,Woman,North,No degree,5.4,0.038239,1,1.0373821989528795,1.0571123461325747
P40868,30-44,Woman,Midlands,Degree,6.9,0.057214,1,0.6961,0.6738230869993773
P40895,45-59,Man,Midlands,No degree,3.4,0.043192,1,0.8886324786324786,0.9320604576512047
P41026,30-44,Woman,South,Degree,4.8,0.057214,1,0.6961,0.6870474807172545
P41027,60+,Woman,South,No degree,6.6,0.01841,1,2.3322522522522524,2.1037967039270837
P41033,18-29,Woman,South,No degree,4.6,0.034173,1,1.099366515837104,1.249205162442292
P41044,45-59,Man,South,Degree,9.7,0.061237,1,0.6375257731958762,0.593083312363701
P41090,45-59,Man,North,No degree,6.0,0.043192,1,0.8886324786324786,0.9125361920115775
P41111,45-59,Man,North,No degree,5.4,0.043192,1,0.8886324786324786,0.9125361920115775
P41119,30-44,Woman,North,No degree,3.7,0.038239,1,1.0373821989528795,1.0571123461325747
P41126,30-44,Woman,North,Degree,5.8,0.057214,1,0.6961,0.6597082290664027
P41130,45-59,Non-binary / other,Midlands,Degree,6.3,0.061237,1,0.6375257731958762,0.5816675551557531
P41157,45-59,Woman,South,No degree,5.7,0.043192,1,0.8886324786324786,0.9503529957055676
P41165,18-29,Man,Scotland/Wales,Degree,5.4,0.048894,1,0.8527935222672065,0.8570764879031357
P41205,30-44,Woman,Scotland/Wales,Degree,6.4,0.052804,1,0.6961,0.7553388210528066
P41225,30-44,Woman,Scotland/Wales,No degree,3.5,0.033374,1,1.0373821989528795,1.2103502094829488
P41228,18-29,Man,North,Degree,6.3,0.053563,1,0.8527935222672065,0.7485652746153514
P41296,18-29,Man,South,Degree,3.9,0.053563,1,0.8527935222672065,0.7795868891990588
P41302,30-44,Man,London,No degree,3.9,0.046879,1,1.0373821989528795,0.9239412834314563
P41322,60+,Woman,London,No degree,5.1,0.025101,1,2.3322522522522524,1.7655992997285437
P41325,45-59,Man,North,Degree,8.4,0.061237,1,0.6375257731958762,0.5694831182261657
P41347,18-29,Woman,South,Degree,7.4,0.053563,1,0.8527935222672065,0.7795868891990588
P41355,45-59,Man,South,Degree,7.1,0.061237,1,0.6375257731958762,0.593083312363701
P41505,45-59,Man,London,No degree,6.9,0.05165,1,0.8886324786324786,0.7975782928932811
P41533,18-29,Woman,South,No degree,3.4,0.034173,1,1.099366515837104,1.249205162442292
P41542,45-59,Woman,Midlands,Degree,5.9,0.061237,1,0.6375257731958762,0.5816675551557531
P41560,45-59,Woman,Midlands,No degree,5.0,0.043192,1,0.8886324786324786,0.9320604576512047
P41564,60+,Man,Scotland/Wales,No degree,5.9,0.015204,1,2.3322522522522524,2.312910485342466
P41578,30-44,Man,North,No degree,3.6,0.038239,1,1.0373821989528795,1.0571123461325747
P41606,30-44,Woman,North,No degree,2.8,0.038239,1,1.0373821989528795,1.0571123461325747
P41644,45-59,Man,North,No degree,7.3,0.043192,1,0.8886324786324786,0.9125361920115775
P41671,18-29,Man,Scotland/Wales,No degree,6.0,0.029482,1,1.099366515837104,1.3733740114543207
P41685,30-44,Woman,North,Degree,6.7,0.057214,1,0.6961,0.6597082290664027
P41709,30-44,Man,South,No degree,4.2,0.038239,1,1.0373821989528795,1.1009205922340977
P41721,45-59,Woman,South,No degree,3.0,0.043192,1,0.8886324786324786,0.9503529957055676
P41745,18-29,Man,North,Degree,4.7,0.053563,1,0.8527935222672065,0.7485652746153514
P41787,45-59,Man,South,Degree,6.7,0.061237,1,0.6375257731958762,0.593083312363701
P41794,60+,Woman,London,No degree,7.5,0.025101,1,2.3322522522522524,1.7655992997285437
P41819,30-44,Man,London,No degree,4.3,0.046879,1,1.0373821989528795,0.9239412834314563
P41853,60+,Man,Midlands,Degree,8.3,0.035381,1,0.9024852071005918,1.2876376365915312
P41916,18-29,Woman,South,No degree,7.2,0.034173,1,1.099366515837104,1.249205162442292
P41926,60+,Woman,London,No degree,7.3,0.025101,1,2.3322522522522524,1.7655992997285437
P41978,30-44,Woman,South,No degree,7.6,0.038239,1,1.0373821989528795,1.1009205922340977
P41979,45-59,Non-binary / other,South,Degree,5.8,0.061237,1,0.6375257731958762,0.593083312363701
P41983,30-44,Man,London,Degree,6.5,0.063968,1,0.6961,0.5766006518454402
P41984,45-59,Woman,North,Degree,4.1,0.061237,1,0.6375257731958762,0.5694831182261657
P41986,30-44,Man,North,Degree,6.7,0.057214,1,0.6961,0.6597082290664027
P41988,45-59,Woman,Scotland/Wales,No degree,4.7,0.038239,1,0.8886324786324786,1.0448164522935846
P42010,18-29,Man,South,Degree,6.4,0.053563,1,0.8527935222672065,0.7795868891990588
P42022,60+,Man,London,Degree,6.2,0.044016,1,0.9024852071005918,1.1018510866192461
P42033,30-44,Non-binary / other,London,No degree,7.5,0.046879,1,1.0373821989528795,0.9239412834314563
P42040,45-59,Man,London,Degree,7.0,0.067212,1,0.6375257731958762,0.49774176327748904
P42071,45-59,Man,South,Degree,6.6,0.061237,1,0.6375257731958762,0.593083312363701
P42107,30-44,Woman,London,Degree,6.9,0.063968,1,0.6961,0.5766006518454402
P42150,45-59,Man,Scotland/Wales,No degree,5.6,0.038239,1,0.8886324786324786,1.0448164522935846
P42170,30-44,Non-binary / other,North,Degree,6.0,0.057214,1,0.6961,0.6597082290664027
P42175,45-59,Man,Midlands,Degree,8.2,0.061237,1,0.6375257731958762,0.5816675551557531
P42182,60+,Man,North,No degree,5.2,0.01841,1,2.3322522522522524,2.0200816345539305
P42212,45-59,Man,London,No degree,5.7,0.05165,1,0.8886324786324786,0.7975782928932811
P42222,30-44,Man,North,No degree,4.6,0.038239,1,1.0373821989528795,1.0571123461325747
P42230,45-59,Man,Scotland/Wales,No degree,9.2,0.038239,1,0.8886324786324786,1.0448164522935846
P42242,45-59,Man,Midlands,Degree,5.0,0.061237,1,0.6375257731958762,0.5816675551557531
P42311,30-44,Man,North,Degree,3.9,0.057214,1,0.6961,0.6597082290664027
P42312,30-44,Man,South,No degree,5.0,0.038239,1,1.0373821989528795,1.1009205922340977
P42323,45-59,Woman,London,Degree,4.9,0.067212,1,0.6375257731958762,0.49774176327748904
P42378,30-44,Woman,Midlands,Degree,7.1,0.057214,1,0.6961,0.6738230869993773
P42405,30-44,Man,Midlands,No degree,6.9,0.038239,1,1.0373821989528795,1.0797299063318317
P42437,18-29,Woman,South,Degree,4.9,0.053563,1,0.8527935222672065,0.7795868891990588
P42510,30-44,Woman,North,No degree,4.9,0.038239,1,1.0373821989528795,1.0571123461325747
P42541,30-44,Non-binary / other,South,Degree,7.5,0.057214,1,0.6961,0.6870474807172545
P42572,30-44,Woman,North,No degree,3.1,0.038239,1,1.0373821989528795,1.0571123461325747
P42597,45-59,Man,London,Degree,6.0,0.067212,1,0.6375257731958762,0.49774176327748904
P42627,18-29,Woman,Midlands,Degree,6.7,0.053563,1,0.8527935222672065,0.7645812829645364
P42636,45-59,Woman,North,No degree,3.4,0.043192,1,0.8886324786324786,0.9125361920115775
P42663,30-44,Woman,London,Degree,7.8,0.063968,1,0.6961,0.5766006518454402
P42743,45-59,Man,North,Degree,8.0,0.061237,1,0.6375257731958762,0.5694831182261657
P42748,18-29,Woman,South,Degree,6.0,0.053563,1,0.8527935222672065,0.7795868891990588
P42754,45-59,Man,North,Degree,5.0,0.061237,1,0.6375257731958762,0.5694831182261657
P42770,30-44,Man,Scotland/Wales,Degree,7.2,0.052804,1,0.6961,0.7553388210528066
P42803,30-44,Woman,London,No degree,6.6,0.046879,1,1.0373821989528795,0.9239412834314563
P42853,45-59,Woman,South,Degree,9.5,0.061237,1,0.6375257731958762,0.593083312363701
P42857,30-44,Man,Scotland/Wales,Degree,9.2,0.052804,1,0.6961,0.7553388210528066
P42889,45-59,Man,North,No degree,7.7,0.043192,1,0.8886324786324786,0.9125361920115775
P43000,45-59,Man,London,No degree,5.9,0.05165,1,0.8886324786324786,0.7975782928932811
P43029,30-44,Woman,Midlands,Degree,4.9,0.057214,1,0.6961,0.6738230869993773
P43081,60+,Man,Midlands,No degree,4.4,0.01841,1,2.3322522522522524,2.0633025070979794
P43098,30-44,Woman,Scotland/Wales,Degree,6.3,0.052804,1,0.6961,0.7553388210528066
P43253,30-44,Man,Midlands,No degree,5.7,0.038239,1,1.0373821989528795,1.0797299063318317
P43290,45-59,Man,Midlands,No degree,8.6,0.043192,1,0.8886324786324786,0.9320604576512047
P43312,45-59,Man,London,Degree,5.6,0.067212,1,0.6375257731958762,0.49774176327748904
P43322,45-59,Man,South,No degree,5.8,0.043192,1,0.8886324786324786,0.9503529957055676
P43336,18-29,Woman,London,Degree,6.7,0.060918,1,0.8527935222672065,0.6542638188747341
P43372,60+,Man,South,No degree,4.1,0.01841,1,2.3322522522522524,2.1037967039270837
P43387,60+,Man,Midlands,No degree,7.0,0.01841,1,2.3322522522522524,2.0633025070979794
P43411,18-29,Woman,South,No degree,3.0,0.034173,1,1.099366515837104,1.249205162442292
P43492,30-44,Non-binary / other,North,Degree,4.8,0.057214,1,0.6961,0.6597082290664027
P43498,45-59,Man,North,Degree,4.7,0.061237,1,0.6375257731958762,0.5694831182261657
P43521,30-44,Woman,London,Degree,6.8,0.063968,1,0.6961,0.5766006518454402
P43552,30-44,Woman,Midlands,Degree,4.3,0.057214,1,0.6961,0.6738230869993773
P43558,60+,Man,Midlands,Degree,3.8,0.035381,1,0.9024852071005918,1.2876376365915312
P43567,30-44,Man,South,No degree,4.6,0.038239,1,1.0373821989528795,1.1009205922340977
P43619,45-59,Woman,Scotland/Wales,No degree,5.4,0.038239,1,0.8886324786324786,1.0448164522935846
P43632,60+,Woman,Scotland/Wales,Degree,4.6,0.030629,1,0.9024852071005918,1.4434095731231131
P43655,18-29,Woman,London,Degree,5.0,0.060918,1,0.8527935222672065,0.6542638188747341
P43680,30-44,Man,London,Degree,9.9,0.063968,1,0.6961,0.5766006518454402
P43700,30-44,Man,North,No degree,4.1,0.038239,1,1.0373821989528795,1.0571123461325747
P43704,45-59,Man,Midlands,Degree,6.5,0.061237,1,0.6375257731958762,0.5816675551557531
P43713,60+,Woman,Midlands,No degree,5.7,0.01841,1,2.3322522522522524,2.0633025070979794
P43760,30-44,Man,Midlands,No degree,4.4,0.038239,1,1.0373821989528795,1.0797299063318317
P43771,30-44,Woman,North,Degree,6.4,0.057214,1,0.6961,0.6597082290664027
P43800,30-44,Man,North,No degree,3.4,0.038239,1,1.0373821989528795,1.0571123461325747
P43808,18-29,Man,South,No degree,4.4,0.034173,1,1.099366515837104,1.249205162442292
P43814,60+,Man,Scotland/Wales,Degree,5.8,0.030629,1,0.9024852071005918,1.4434095731231131
P43823,18-29,Man,Midlands,No degree,4.7,0.034173,1,1.099366515837104,1.2251602727276898
P43837,60+,Woman,Midlands,No degree,5.2,0.01841,1,2.3322522522522524,2.0633025070979794
P43841,45-59,Man,Scotland/Wales,No degree,6.1,0.038239,1,0.8886324786324786,1.0448164522935846
P43848,18-29,Woman,North,No degree,5.7,0.034173,1,1.099366515837104,1.1994963209748883
P43861,45-59,Woman,London,No degree,7.4,0.05165,1,0.8886324786324786,0.7975782928932811
P43897,18-29,Woman,Midlands,Degree,6.2,0.053563,1,0.8527935222672065,0.7645812829645364
P43938,45-59,Man,North,Degree,6.2,0.061237,1,0.6375257731958762,0.5694831182261657
P43943,18-29,Man,London,Degree,6.4,0.060918,1,0.8527935222672065,0.6542638188747341
P43972,60+,Woman,South,No degree,6.1,0.01841,1,2.3322522522522524,2.1037967039270837
P44024,18-29,Woman,Midlands,Degree,6.0,0.053563,1,0.8527935222672065,0.7645812829645364
P44041,45-59,Man,London,Degree,6.4,0.067212,1,0.6375257731958762,0.49774176327748904
P44071,45-59,Woman,Midlands,No degree,5.5,0.043192,1,0.8886324786324786,0.9320604576512047
P44120,30-44,Woman,North,Degree,6.9,0.057214,1,0.6961,0.6597082290664027
P44127,18-29,Man,London,No degree,4.3,0.042779,1,1.099366515837104,1.0483882572438128
P44173,60+,Woman,London,Degree,5.6,0.044016,1,0.9024852071005918,1.1018510866192461
P44177,60+,Man,North,Degree,5.3,0.035381,1,0.9024852071005918,1.2606649450048188
P44187,18-29,Woman,North,Degree,4.2,0.053563,1,0.8527935222672065,0.7485652746153514
P44193,18-29,Woman,North,Degree,4.7,0.053563,1,0.8527935222672065,0.7485652746153514
P44250,45-59,Man,South,No degree,8.2,0.043192,1,0.8886324786324786,0.9503529957055676
P44252,30-44,Woman,London,Degree,7.0,0.063968,1,0.6961,0.5766006518454402
P44308,30-44,Woman,London,No degree,6.5,0.046879,1,1.0373821989528795,0.9239412834314563
P44341,45-59,Man,London,Degree,7.3,0.067212,1,0.6375257731958762,0.49774176327748904
P44375,30-44,Man,London,No degree,4.8,0.046879,1,1.0373821989528795,0.9239412834314563
P44381,30-44,Woman,North,Degree,6.6,0.057214,1,0.6961,0.6597082290664027
P44411,45-59,Man,London,No degree,3.3,0.05165,1,0.8886324786324786,0.7975782928932811
P44417,18-29,Man,North,Degree,5.1,0.053563,1,0.8527935222672065,0.7485652746153514
P44425,30-44,Man,Midlands,Degree,5.1,0.057214,1,0.6961,0.6738230869993773
P44426,30-44,Man,Scotland/Wales,Degree,7.9,0.052804,1,0.6961,0.7553388210528066
P44480,30-44,Woman,Midlands,No degree,3.6,0.038239,1,1.0373821989528795,1.0797299063318317
P44499,30-44,Man,North,No degree,5.9,0.038239,1,1.0373821989528795,1.0571123461325747
P44511,30-44,Man,Midlands,Degree,5.3,0.057214,1,0.6961,0.6738230869993773
P44520,45-59,Man,Midlands,No degree,3.1,0.043192,1,0.8886324786324786,0.9320604576512047
P44521,60+,Man,South,No degree,5.5,0.01841,1,2.3322522522522524,2.1037967039270837
P44540,60+,Man,London,No degree,5.8,0.025101,1,2.3322522522522524,1.7655992997285437
P44554,45-59,Woman,Midlands,No degree,6.4,0.043192,1,0.8886324786324786,0.9320604576512047
P44567,45-59,Woman,London,Degree,8.5,0.067212,1,0.6375257731958762,0.49774176327748904
P44591,30-44,Man,Scotland/Wales,Degree,5.2,0.052804,1,0.6961,0.7553388210528066
P44620,60+,Woman,South,No degree,4.9,0.01841,1,2.3322522522522524,2.1037967039270837
P44642,45-59,Woman,North,No degree,5.6,0.043192,1,0.8886324786324786,0.9125361920115775
P44665,45-59,Woman,Scotland/Wales,Degree,5.4,0.057214,1,0.6375257731958762,0.6520347756449332
P44686,18-29,Woman,South,No degree,2.9,0.034173,1,1.099366515837104,1.249205162442292
P44695,18-29,Man,London,Degree,2.4,0.060918,1,0.8527935222672065,0.6542638188747341
P44713,18-29,Woman,North,No degree,5.5,0.034173,1,1.099366515837104,1.1994963209748883
P44714,30-44,Man,Scotland/Wales,No degree,4.9,0.033374,1,1.0373821989528795,1.2103502094829488
P44723,30-44,Man,Scotland/Wales,Degree,6.1,0.052804,1,0.6961,0.7553388210528066
P44768,60+,Man,South,Degree,8.5,0.035381,1,0.9024852071005918,1.3129087016541312
P44801,18-29,Woman,South,No degree,3.2,0.034173,1,1.099366515837104,1.249205162442292
P44805,18-29,Man,South,No degree,3.2,0.034173,1,1.099366515837104,1.249205162442292
P44822,45-59,Woman,North,Degree,7.1,0.061237,1,0.6375257731958762,0.5694831182261657
P44842,18-29,Man,North,No degree,4.7,0.034173,1,1.099366515837104,1.1994963209748883
P44860,18-29,Man,North,Degree,5.8,0.053563,1,0.8527935222672065,0.7485652746153514
P44868,45-59,Man,Midlands,No degree,5.3,0.043192,1,0.8886324786324786,0.9320604576512047
P44871,30-44,Woman,Midlands,No degree,7.1,0.038239,1,1.0373821989528795,1.0797299063318317
P44940,30-44,Man,London,No degree,4.6,0.046879,1,1.0373821989528795,0.9239412834314563
P44950,30-44,Woman,Midlands,No degree,5.3,0.038239,1,1.0373821989528795,1.0797299063318317
P44961,30-44,Woman,Midlands,No degree,6.3,0.038239,1,1.0373821989528795,1.0797299063318317
P44981,60+,Woman,North,No degree,5.7,0.01841,1,2.3322522522522524,2.0200816345539305
P44986,30-44,Woman,North,Degree,3.5,0.057214,1,0.6961,0.6597082290664027
P45032,18-29,Woman,London,Degree,6.1,0.060918,1,0.8527935222672065,0.6542638188747341
P45058,30-44,Woman,Midlands,Degree,5.9,0.057214,1,0.6961,0.6738230869993773
P45059,30-44,Woman,North,No degree,6.6,0.038239,1,1.0373821989528795,1.0571123461325747
P45112,45-59,Woman,South,No degree,7.0,0.043192,1,0.8886324786324786,0.9503529957055676
P45115,60+,Woman,North,No degree,7.1,0.01841,1,2.3322522522522524,2.0200816345539305
P45123,30-44,Man,North,No degree,6.6,0.038239,1,1.0373821989528795,1.0571123461325747
P45140,30-44,Man,North,No degree,2.2,0.038239,1,1.0373821989528795,1.0571123461325747
P45147,60+,Man,Midlands,No degree,5.4,0.01841,1,2.3322522522522524,2.0633025070979794
P45150,30-44,Man,Midlands,Degree,6.4,0.057214,1,0.6961,0.6738230869993773
P45156,45-59,Man,North,No degree,4.7,0.043192,1,0.8886324786324786,0.9125361920115775
P45178,45-59,Woman,London,Degree,9.5,0.067212,1,0.6375257731958762,0.49774176327748904
P45210,30-44,Man,London,Degree,5.1,0.063968,1,0.6961,0.5766006518454402
P45225,18-29,Woman,Midlands,No degree,3.4,0.034173,1,1.099366515837104,1.2251602727276898
P45270,45-59,Man,Midlands,No degree,3.8,0.043192,1,0.8886324786324786,0.9320604576512047
P45278,30-44,Woman,North,No degree,4.7,0.038239,1,1.0373821989528795,1.0571123461325747
P45352,30-44,Woman,Scotland/Wales,Degree,4.9,0.052804,1,0.6961,0.7553388210528066
P45363,18-29,Woman,Scotland/Wales,Degree,4.0,0.048894,1,0.8527935222672065,0.8570764879031357
P45392,30-44,Woman,South,Degree,5.0,0.057214,1,0.6961,0.6870474807172545
P45398,60+,Man,South,No degree,7.0,0.01841,1,2.3322522522522524,2.1037967039270837
P45402,30-44,Woman,London,Degree,7.5,0.063968,1,0.6961,0.5766006518454402
P45416,45-59,Woman,Scotland/Wales,No degree,5.4,0.038239,1,0.8886324786324786,1.0448164522935846
P45435,30-44,Man,Scotland/Wales,No degree,3.4,0.033374,1,1.0373821989528795,1.2103502094829488
P45441,18-29,Woman,South,Degree,3.8,0.053563,1,0.8527935222672065,0.7795868891990588
P45451,18-29,Woman,North,No degree,6.1,0.034173,1,1.099366515837104,1.1994963209748883
P45464,18-29,Man,North,Degree,5.4,0.053563,1,0.8527935222672065,0.7485652746153514
P45555,45-59,Woman,Midlands,No degree,5.9,0.043192,1,0.8886324786324786,0.9320604576512047
P45569,45-59,Woman,North,No degree,4.5,0.043192,1,0.8886324786324786,0.9125361920115775
P45590,45-59,Man,South,Degree,8.5,0.061237,1,0.6375257731958762,0.593083312363701
P45624,30-44,Man,Scotland/Wales,No degree,3.3,0.033374,1,1.0373821989528795,1.2103502094829488
P45625,30-44,Woman,North,Degree,6.5,0.057214,1,0.6961,0.6597082290664027
P45650,18-29,Woman,Midlands,No degree,7.8,0.034173,1,1.099366515837104,1.2251602727276898
P45653,30-44,Woman,Scotland/Wales,Degree,5.7,0.052804,1,0.6961,0.7553388210528066
P45673,45-59,Man,North,Degree,7.1,0.061237,1,0.6375257731958762,0.5694831182261657
P45719,45-59,Man,North,Degree,7.2,0.061237,1,0.6375257731958762,0.5694831182261657
P45735,30-44,Man,London,Degree,6.1,0.063968,1,0.6961,0.5766006518454402
P45744,45-59,Man,Scotland/Wales,No degree,4.8,0.038239,1,0.8886324786324786,1.0448164522935846
P45745,18-29,Man,Scotland/Wales,No degree,6.5,0.029482,1,1.099366515837104,1.3733740114543207
P45793,30-44,Man,Midlands,Degree,6.7,0.057214,1,0.6961,0.6738230869993773
P45809,18-29,Man,Midlands,No degree,5.4,0.034173,1,1.099366515837104,1.2251602727276898
P45820,30-44,Woman,North,No degree,3.2,0.038239,1,1.0373821989528795,1.0571123461325747
P45848,60+,Woman,Scotland/Wales,No degree,7.9,0.015204,1,2.3322522522522524,2.312910485342466
P45861,45-59,Man,North,No degree,3.0,0.043192,1,0.8886324786324786,0.9125361920115775
P45878,45-59,Woman,Scotland/Wales,No degree,6.3,0.038239,1,0.8886324786324786,1.0448164522935846
P45907,18-29,Non-binary / other,London,Degree,4.4,0.060918,1,0.8527935222672065,0.6542638188747341
P45986,30-44,Man,South,Degree,3.7,0.057214,1,0.6961,0.6870474807172545
P45990,18-29,Woman,London,Degree,5.4,0.060918,1,0.8527935222672065,0.6542638188747341
P45993,30-44,Man,Midlands,Degree,7.8,0.057214,1,0.6961,0.6738230869993773
P46010,60+,Woman,North,No degree,5.0,0.01841,1,2.3322522522522524,2.0200816345539305
P46012,45-59,Woman,North,Degree,5.9,0.061237,1,0.6375257731958762,0.5694831182261657
P46052,45-59,Woman,South,No degree,7.9,0.043192,1,0.8886324786324786,0.9503529957055676
P46061,18-29,Woman,London,Degree,5.3,0.060918,1,0.8527935222672065,0.6542638188747341
P46181,30-44,Man,South,Degree,6.5,0.057214,1,0.6961,0.6870474807172545
P46194,45-59,Woman,South,No degree,5.7,0.043192,1,0.8886324786324786,0.9503529957055676
P46199,30-44,Woman,London,Degree,8.2,0.063968,1,0.6961,0.5766006518454402
P46203,30-44,Woman,South,No degree,5.1,0.038239,1,1.0373821989528795,1.1009205922340977
P46214,18-29,Woman,North,No degree,5.8,0.034173,1,1.099366515837104,1.1994963209748883
P46221,18-29,Woman,North,No degree,3.9,0.034173,1,1.099366515837104,1.1994963209748883
P46223,45-59,Woman,South,Degree,4.2,0.061237,1,0.6375257731958762,0.593083312363701
P46233,30-44,Woman,London,Degree,6.0,0.063968,1,0.6961,0.5766006518454402
P46236,45-59,Woman,London,No degree,3.9,0.05165,1,0.8886324786324786,0.7975782928932811
P46246,60+,Man,North,No degree,5.2,0.01841,1,2.3322522522522524,2.0200816345539305
P46295,18-29,Woman,Midlands,Degree,7.1,0.053563,1,0.8527935222672065,0.7645812829645364
P46337,18-29,Man,North,No degree,4.7,0.034173,1,1.099366515837104,1.1994963209748883
P46371,30-44,Man,South,Degree,5.5,0.057214,1,0.6961,0.6870474807172545
P46381,60+,Woman,London,Degree,8.3,0.044016,1,0.9024852071005918,1.1018510866192461
P46428,45-59,Man,North,No degree,6.3,0.043192,1,0.8886324786324786,0.9125361920115775
P46468,30-44,Man,Midlands,No degree,5.8,0.038239,1,1.0373821989528795,1.0797299063318317
P46474,60+,Man,London,Degree,10.0,0.044016,1,0.9024852071005918,1.1018510866192461
P46512,30-44,Woman,North,No degree,5.8,0.038239,1,1.0373821989528795,1.0571123461325747
P46592,30-44,Man,North,Degree,7.6,0.057214,1,0.6961,0.6597082290664027
P46595,45-59,Man,Scotland/Wales,No degree,7.1,0.038239,1,0.8886324786324786,1.0448164522935846
P46600,30-44,Man,North,No degree,3.9,0.038239,1,1.0373821989528795,1.0571123461325747
P46627,30-44,Man,Midlands,Degree,5.2,0.057214,1,0.6961,0.6738230869993773
P46656,30-44,Man,South,Degree,5.8,0.057214,1,0.6961,0.6870474807172545
P46658,30-44,Woman,London,Degree,9.2,0.063968,1,0.6961,0.5766006518454402
P46691,18-29,Man,London,Degree,7.6,0.060918,1,0.8527935222672065,0.6542638188747341
P46764,18-29,Woman,Midlands,No degree,5.0,0.034173,1,1.099366515837104,1.2251602727276898
P46829,60+,Man,North,Degree,8.2,0.035381,1,0.9024852071005918,1.2606649450048188
P46841,45-59,Man,North,Degree,6.7,0.061237,1,0.6375257731958762,0.5694831182261657
P46874,18-29,Woman,London,No degree,6.4,0.042779,1,1.099366515837104,1.0483882572438128
P46897,45-59,Man,Midlands,Degree,6.0,0.061237,1,0.6375257731958762,0.5816675551557531
P46912,30-44,Man,South,No degree,8.3,0.038239,1,1.0373821989528795,1.1009205922340977
P46915,45-59,Woman,Midlands,No degree,5.1,0.043192,1,0.8886324786324786,0.9320604576512047
P46921,30-44,Woman,London,Degree,3.9,0.063968,1,0.6961,0.5766006518454402
P46946,30-44,Man,Scotland/Wales,Degree,6.2,0.052804,1,0.6961,0.7553388210528066
P46970,30-44,Man,North,No degree,3.3,0.038239,1,1.0373821989528795,1.0571123461325747
P46996,30-44,Man,North,No degree,4.3,0.038239,1,1.0373821989528795,1.0571123461325747
P47002,60+,Woman,North,No degree,8.7,0.01841,1,2.3322522522522524,2.0200816345539305
P47006,60+,Man,North,Degree,3.9,0.035381,1,0.9024852071005918,1.2606649450048188
P47061,18-29,Woman,South,Degree,7.0,0.053563,1,0.8527935222672065,0.7795868891990588
P47149,30-44,Woman,South,Degree,5.7,0.057214,1,0.6961,0.6870474807172545
P47154,45-59,Woman,London,Degree,10.0,0.067212,1,0.6375257731958762,0.49774176327748904
P47168,18-29,Man,North,Degree,7.3,0.053563,1,0.8527935222672065,0.7485652746153514
P47206,45-59,Woman,South,No degree,7.6,0.043192,1,0.8886324786324786,0.9503529957055676
P47233,30-44,Woman,South,No degree,4.5,0.038239,1,1.0373821989528795,1.1009205922340977
P47250,18-29,Man,North,Degree,7.4,0.053563,1,0.8527935222672065,0.7485652746153514
P47294,45-59,Woman,Midlands,Degree,9.8,0.061237,1,0.6375257731958762,0.5816675551557531
P47327,45-59,Woman,Midlands,No degree,6.0,0.043192,1,0.8886324786324786,0.9320604576512047
P47332,30-44,Woman,South,No degree,5.1,0.038239,1,1.0373821989528795,1.1009205922340977
P47357,45-59,Woman,Midlands,No degree,5.1,0.043192,1,0.8886324786324786,0.9320604576512047
P47403,18-29,Woman,North,Degree,4.2,0.053563,1,0.8527935222672065,0.7485652746153514
P47419,30-44,Woman,North,No degree,6.2,0.038239,1,1.0373821989528795,1.0571123461325747
P47472,45-59,Non-binary / other,Scotland/Wales,No degree,4.1,0.038239,1,0.8886324786324786,1.0448164522935846
P47473,18-29,Man,Midlands,No degree,2.9,0.034173,1,1.099366515837104,1.2251602727276898
P47474,30-44,Man,Midlands,No degree,3.4,0.038239,1,1.0373821989528795,1.0797299063318317
P47524,30-44,Woman,North,Degree,6.1,0.057214,1,0.6961,0.6597082290664027
P47559,18-29,Woman,South,No degree,5.5,0.034173,1,1.099366515837104,1.249205162442292
P47567,30-44,Woman,London,Degree,5.5,0.063968,1,0.6961,0.5766006518454402
P47575,60+,Man,North,No degree,3.7,0.01841,1,2.3322522522522524,2.0200816345539305
P47586,18-29,Woman,Scotland/Wales,Degree,4.0,0.048894,1,0.8527935222672065,0.8570764879031357
P47648,45-59,Man,North,Degree,8.3,0.061237,1,0.6375257731958762,0.5694831182261657
P47790,30-44,Man,Scotland/Wales,No degree,3.3,0.033374,1,1.0373821989528795,1.2103502094829488
P47805,60+,Man,London,Degree,6.8,0.044016,1,0.9024852071005918,1.1018510866192461
P47822,45-59,Non-binary / other,Midlands,No degree,4.8,0.043192,1,0.8886324786324786,0.9320604576512047
P47845,30-44,Woman,South,No degree,6.9,0.038239,1,1.0373821989528795,1.1009205922340977
P47847,30-44,Woman,Scotland/Wales,Degree,7.3,0.052804,1,0.6961,0.7553388210528066
P47852,45-59,Man,London,No degree,4.9,0.05165,1,0.8886324786324786,0.7975782928932811
P47869,18-29,Woman,London,Degree,3.9,0.060918,1,0.8527935222672065,0.6542638188747341
P47875,18-29,Man,South,No degree,6.3,0.034173,1,1.099366515837104,1.249205162442292
P47882,45-59,Woman,North,No degree,8.2,0.043192,1,0.8886324786324786,0.9125361920115775
P47892,30-44,Woman,North,No degree,4.3,0.038239,1,1.0373821989528795,1.0571123461325747
P47931,60+,Man,North,Degree,8.5,0.035381,1,0.9024852071005918,1.2606649450048188
P47936,30-44,Woman,Midlands,Degree,5.5,0.057214,1,0.6961,0.6738230869993773
P48010,60+,Woman,Midlands,Degree,3.6,0.035381,1,0.9024852071005918,1.2876376365915312
P48015,45-59,Woman,Midlands,No degree,4.0,0.043192,1,0.8886324786324786,0.9320604576512047
P48023,60+,Man,North,Degree,5.8,0.035381,1,0.9024852071005918,1.2606649450048188
P48040,30-44,Man,North,Degree,4.6,0.057214,1,0.6961,0.6597082290664027
P48067,30-44,Woman,Midlands,Degree,7.1,0.057214,1,0.6961,0.6738230869993773
P48076,45-59,Woman,Scotland/Wales,Degree,8.6,0.057214,1,0.6375257731958762,0.6520347756449332
P48110,45-59,Woman,South,No degree,5.6,0.043192,1,0.8886324786324786,0.9503529957055676
P48115,30-44,Man,Scotland/Wales,No degree,3.8,0.033374,1,1.0373821989528795,1.2103502094829488
P48183,45-59,Woman,South,No degree,6.7,0.043192,1,0.8886324786324786,0.9503529957055676
P48213,18-29,Man,South,No degree,7.9,0.034173,1,1.099366515837104,1.249205162442292
P48225,30-44,Woman,London,Degree,4.4,0.063968,1,0.6961,0.5766006518454402
P48305,45-59,Woman,Scotland/Wales,No degree,3.1,0.038239,1,0.8886324786324786,1.0448164522935846
P48322,30-44,Man,Scotland/Wales,No degree,5.0,0.033374,1,1.0373821989528795,1.2103502094829488
P48385,18-29,Woman,London,Degree,7.6,0.060918,1,0.8527935222672065,0.6542638188747341
P48390,30-44,Man,North,Degree,6.6,0.057214,1,0.6961,0.6597082290664027
P48495,45-59,Woman,Midlands,No degree,8.9,0.043192,1,0.8886324786324786,0.9320604576512047
P48513,30-44,Man,London,Degree,5.1,0.063968,1,0.6961,0.5766006518454402
P48532,60+,Woman,South,No degree,5.1,0.01841,1,2.3322522522522524,2.1037967039270837
P48572,30-44,Man,South,No degree,5.4,0.038239,1,1.0373821989528795,1.1009205922340977
P48601,18-29,Man,London,Degree,4.4,0.060918,1,0.8527935222672065,0.6542638188747341
P48659,30-44,Woman,Scotland/Wales,No degree,3.0,0.033374,1,1.0373821989528795,1.2103502094829488
P48670,30-44,Woman,South,Degree,3.5,0.057214,1,0.6961,0.6870474807172545
P48707,45-59,Man,Scotland/Wales,No degree,4.4,0.038239,1,0.8886324786324786,1.0448164522935846
P48817,45-59,Woman,Midlands,No degree,5.2,0.043192,1,0.8886324786324786,0.9320604576512047
P48835,30-44,Woman,North,No degree,3.2,0.038239,1,1.0373821989528795,1.0571123461325747
P48860,30-44,Woman,Midlands,No degree,7.7,0.038239,1,1.0373821989528795,1.0797299063318317
P48867,18-29,Man,Scotland/Wales,Degree,2.7,0.048894,1,0.8527935222672065,0.8570764879031357
P48925,30-44,Man,North,No degree,7.9,0.038239,1,1.0373821989528795,1.0571123461325747
P48931,30-44,Man,South,No degree,6.8,0.038239,1,1.0373821989528795,1.1009205922340977
P49019,18-29,Man,Midlands,No degree,3.5,0.034173,1,1.099366515837104,1.2251602727276898
P49027,45-59,Woman,North,No degree,7.7,0.043192,1,0.8886324786324786,0.9125361920115775
P49032,45-59,Man,Scotland/Wales,Degree,5.4,0.057214,1,0.6375257731958762,0.6520347756449332
P49056,30-44,Man,South,Degree,7.6,0.057214,1,0.6961,0.6870474807172545
P49073,18-29,Man,Midlands,No degree,3.8,0.034173,1,1.099366515837104,1.2251602727276898
P49077,30-44,Man,North,Degree,5.8,0.057214,1,0.6961,0.6597082290664027
P49087,60+,Woman,London,Degree,5.4,0.044016,1,0.9024852071005918,1.1018510866192461
P49126,30-44,Woman,North,No degree,5.6,0.038239,1,1.0373821989528795,1.0571123461325747
P49145,30-44,Woman,South,Degree,5.8,0.057214,1,0.6961,0.6870474807172545
P49153,45-59,Man,Midlands,No degree,5.0,0.043192,1,0.8886324786324786,0.9320604576512047
P49176,45-59,Woman,South,Degree,7.2,0.061237,1,0.6375257731958762,0.593083312363701
P49195,30-44,Man,Scotland/Wales,No degree,4.2,0.033374,1,1.0373821989528795,1.2103502094829488
P49287,18-29,Man,Midlands,No degree,7.0,0.034173,1,1.099366515837104,1.2251602727276898
P49290,60+,Woman,London,Degree,6.6,0.044016,1,0.9024852071005918,1.1018510866192461
P49300,30-44,Woman,Scotland/Wales,Degree,8.3,0.052804,1,0.6961,0.7553388210528066
P49314,45-59,Woman,London,No degree,5.7,0.05165,1,0.8886324786324786,0.7975782928932811
P49316,45-59,Man,South,Degree,5.4,0.061237,1,0.6375257731958762,0.593083312363701
P49336,45-59,Woman,North,No degree,7.3,0.043192,1,0.8886324786324786,0.9125361920115775
P49353,45-59,Man,Midlands,Degree,6.7,0.061237,1,0.6375257731958762,0.5816675551557531
P49370,18-29,Woman,North,No degree,4.6,0.034173,1,1.099366515837104,1.1994963209748883
P49407,60+,Man,London,Degree,6.7,0.044016,1,0.9024852071005918,1.1018510866192461
P49467,30-44,Man,Midlands,Degree,3.9,0.057214,1,0.6961,0.6738230869993773
P49500,30-44,Man,Midlands,Degree,4.6,0.057214,1,0.6961,0.6738230869993773
P49512,45-59,Woman,South,Degree,3.1,0.061237,1,0.6375257731958762,0.593083312363701
P49611,45-59,Woman,North,No degree,5.1,0.043192,1,0.8886324786324786,0.9125361920115775
P49629,18-29,Woman,North,Degree,6.9,0.053563,1,0.8527935222672065,0.7485652746153514
P49659,30-44,Woman,South,No degree,6.3,0.038239,1,1.0373821989528795,1.1009205922340977
P49729,60+,Woman,London,Degree,5.8,0.044016,1,0.9024852071005918,1.1018510866192461
P49730,30-44,Woman,North,Degree,4.8,0.057214,1,0.6961,0.6597082290664027
P49736,45-59,Man,North,No degree,5.9,0.043192,1,0.8886324786324786,0.9125361920115775
P49755,30-44,Man,North,Degree,10.0,0.057214,1,0.6961,0.6597082290664027
P49841,30-44,Man,South,No degree,6.9,0.038239,1,1.0373821989528795,1.1009205922340977
P49848,18-29,Man,South,Degree,4.0,0.053563,1,0.8527935222672065,0.7795868891990588
P49862,60+,Woman,North,Degree,7.5,0.035381,1,0.9024852071005918,1.2606649450048188
P49885,18-29,Woman,London,No degree,3.0,0.042779,1,1.099366515837104,1.0483882572438128
P49981,30-44,Man,London,Degree,6.8,0.063968,1,0.6961,0.5766006518454402
P49982,18-29,Woman,North,No degree,7.0,0.034173,1,1.099366515837104,1.1994963209748883
P49996,18-29,Man,London,No degree,4.3,0.042779,1,1.099366515837104,1.0483882572438128
P50069,30-44,Woman,South,No degree,6.5,0.038239,1,1.0373821989528795,1.1009205922340977
P50092,30-44,Man,Scotland/Wales,Degree,6.4,0.052804,1,0.6961,0.7553388210528066
P50144,45-59,Man,North,No degree,4.9,0.043192,1,0.8886324786324786,0.9125361920115775
P50151,45-59,Woman,Midlands,Degree,6.9,0.061237,1,0.6375257731958762,0.5816675551557531
P50163,45-59,Man,North,No degree,5.3,0.043192,1,0.8886324786324786,0.9125361920115775
P50165,60+,Man,Midlands,No degree,5.2,0.01841,1,2.3322522522522524,2.0633025070979794
P50185,60+,Man,North,No degree,3.8,0.01841,1,2.3322522522522524,2.0200816345539305
P50189,45-59,Man,South,Degree,7.4,0.061237,1,0.6375257731958762,0.593083312363701
P50223,18-29,Man,Scotland/Wales,No degree,5.6,0.029482,1,1.099366515837104,1.3733740114543207
P50260,45-59,Man,South,Degree,8.6,0.061237,1,0.6375257731958762,0.593083312363701
P50272,18-29,Man,South,No degree,4.8,0.034173,1,1.099366515837104,1.249205162442292
P50313,30-44,Man,North,No degree,4.8,0.038239,1,1.0373821989528795,1.0571123461325747
P50360,30-44,Man,Midlands,No degree,7.4,0.038239,1,1.0373821989528795,1.0797299063318317
P50422,30-44,Man,South,No degree,4.2,0.038239,1,1.0373821989528795,1.1009205922340977
P50497,45-59,Man,North,No degree,4.7,0.043192,1,0.8886324786324786,0.9125361920115775
P50520,18-29,Non-binary / other,Midlands,No degree,5.2,0.034173,1,1.099366515837104,1.2251602727276898
P50521,18-29,Man,North,Degree,5.9,0.053563,1,0.8527935222672065,0.7485652746153514
P50531,45-59,Man,Scotland/Wales,No degree,4.1,0.038239,1,0.8886324786324786,1.0448164522935846
P50545,30-44,Man,North,No degree,2.3,0.038239,1,1.0373821989528795,1.0571123461325747
P50576,30-44,Woman,Scotland/Wales,Degree,4.0,0.052804,1,0.6961,0.7553388210528066
P50624,45-59,Woman,North,No degree,4.1,0.043192,1,0.8886324786324786,0.9125361920115775
P50648,45-59,Man,Midlands,Degree,5.4,0.061237,1,0.6375257731958762,0.5816675551557531
P50653,30-44,Non-binary / other,South,Degree,8.5,0.057214,1,0.6961,0.6870474807172545
P50670,30-44,Woman,North,Degree,3.1,0.057214,1,0.6961,0.6597082290664027
P50687,30-44,Man,London,No degree,4.6,0.046879,1,1.0373821989528795,0.9239412834314563
P50731,30-44,Woman,London,Degree,6.0,0.063968,1,0.6961,0.5766006518454402
P50766,30-44,Man,North,Degree,6.1,0.057214,1,0.6961,0.6597082290664027
P50786,30-44,Man,North,Degree,6.5,0.057214,1,0.6961,0.6597082290664027
P50797,60+,Man,South,Degree,6.7,0.035381,1,0.9024852071005918,1.3129087016541312
P50819,60+,Man,London,Degree,4.5,0.044016,1,0.9024852071005918,1.1018510866192461
P50820,30-44,Woman,Scotland/Wales,No degree,6.1,0.033374,1,1.0373821989528795,1.2103502094829488
P50823,60+,Woman,Scotland/Wales,Degree,7.9,0.030629,1,0.9024852071005918,1.4434095731231131
P50840,45-59,Man,Midlands,Degree,5.6,0.061237,1,0.6375257731958762,0.5816675551557531
P50868,60+,Man,North,No degree,7.6,0.01841,1,2.3322522522522524,2.0200816345539305
P50919,30-44,Woman,London,Degree,5.7,0.063968,1,0.6961,0.5766006518454402
P50962,45-59,Man,Midlands,Degree,6.2,0.061237,1,0.6375257731958762,0.5816675551557531
P50995,60+,Woman,North,No degree,7.9,0.01841,1,2.3322522522522524,2.0200816345539305
P50999,45-59,Man,South,No degree,7.0,0.043192,1,0.8886324786324786,0.9503529957055676
P51024,30-44,Woman,South,Degree,5.1,0.057214,1,0.6961,0.6870474807172545
P51042,45-59,Man,Scotland/Wales,No degree,6.9,0.038239,1,0.8886324786324786,1.0448164522935846
P51069,45-59,Woman,Scotland/Wales,No degree,7.0,0.038239,1,0.8886324786324786,1.0448164522935846
P51102,30-44,Man,Scotland/Wales,No degree,5.4,0.033374,1,1.0373821989528795,1.2103502094829488
P51124,60+,Man,Scotland/Wales,No degree,3.3,0.015204,1,2.3322522522522524,2.312910485342466
P51125,45-59,Woman,Scotland/Wales,No degree,4.0,0.038239,1,0.8886324786324786,1.0448164522935846
P51143,30-44,Man,South,No degree,4.6,0.038239,1,1.0373821989528795,1.1009205922340977
P51195,30-44,Man,South,Degree,6.4,0.057214,1,0.6961,0.6870474807172545
P51201,45-59,Woman,Midlands,No degree,7.0,0.043192,1,0.8886324786324786,0.9320604576512047
P51213,30-44,Woman,London,No degree,6.4,0.046879,1,1.0373821989528795,0.9239412834314563
P51308,45-59,Man,North,Degree,5.5,0.061237,1,0.6375257731958762,0.5694831182261657
P51344,30-44,Woman,North,Degree,7.9,0.057214,1,0.6961,0.6597082290664027
P51389,30-44,Woman,South,Degree,7.9,0.057214,1,0.6961,0.6870474807172545
P51403,60+,Woman,North,No degree,5.2,0.01841,1,2.3322522522522524,2.0200816345539305
P51417,45-59,Woman,Scotland/Wales,No degree,7.4,0.038239,1,0.8886324786324786,1.0448164522935846
P51421,30-44,Woman,North,Degree,7.0,0.057214,1,0.6961,0.6597082290664027
P51475,18-29,Woman,North,No degree,6.0,0.034173,1,1.099366515837104,1.1994963209748883
P51477,30-44,Man,London,Degree,5.7,0.063968,1,0.6961,0.5766006518454402
P51513,30-44,Woman,South,Degree,3.5,0.057214,1,0.6961,0.6870474807172545
P51537,30-44,Woman,London,Degree,8.3,0.063968,1,0.6961,0.5766006518454402
P51543,60+,Woman,South,Degree,5.8,0.035381,1,0.9024852071005918,1.3129087016541312
P51580,60+,Man,Midlands,No degree,9.2,0.01841,1,2.3322522522522524,2.0633025070979794
P51586,18-29,Man,South,Degree,1.4,0.053563,1,0.8527935222672065,0.7795868891990588
P51610,18-29,Woman,South,Degree,2.3,0.053563,1,0.8527935222672065,0.7795868891990588
P51614,45-59,Woman,South,No degree,4.5,0.043192,1,0.8886324786324786,0.9503529957055676
P51694,60+,Woman,South,Degree,8.3,0.035381,1,0.9024852071005918,1.3129087016541312
P51716,30-44,Woman,Midlands,Degree,4.8,0.057214,1,0.6961,0.6738230869993773
P51728,45-59,Man,North,No degree,5.9,0.043192,1,0.8886324786324786,0.9125361920115775
P51746,60+,Woman,London,Degree,5.7,0.044016,1,0.9024852071005918,1.1018510866192461
P51762,18-29,Woman,North,No degree,4.7,0.034173,1,1.099366515837104,1.1994963209748883
P51813,45-59,Man,Scotland/Wales,No degree,5.5,0.038239,1,0.8886324786324786,1.0448164522935846
P51878,18-29,Woman,South,Degree,5.6,0.053563,1,0.8527935222672065,0.7795868891990588
P51897,45-59,Man,London,No degree,5.3,0.05165,1,0.8886324786324786,0.7975782928932811
P51909,30-44,Woman,South,No degree,5.4,0.038239,1,1.0373821989528795,1.1009205922340977
P51921,60+,Man,North,No degree,8.6,0.01841,1,2.3322522522522524,2.0200816345539305
P51922,30-44,Man,London,Degree,6.1,0.063968,1,0.6961,0.5766006518454402
P51939,60+,Man,South,No degree,9.9,0.01841,1,2.3322522522522524,2.1037967039270837
P51963,30-44,Woman,London,Degree,10.0,0.063968,1,0.6961,0.5766006518454402
P51984,30-44,Woman,Midlands,Degree,6.6,0.057214,1,0.6961,0.6738230869993773
P51990,45-59,Man,Midlands,No degree,2.9,0.043192,1,0.8886324786324786,0.9320604576512047
P52014,45-59,Woman,North,No degree,5.4,0.043192,1,0.8886324786324786,0.9125361920115775
P52030,30-44,Man,Scotland/Wales,Degree,5.2,0.052804,1,0.6961,0.7553388210528066
P52065,18-29,Man,South,Degree,3.9,0.053563,1,0.8527935222672065,0.7795868891990588
P52092,45-59,Woman,Scotland/Wales,No degree,5.4,0.038239,1,0.8886324786324786,1.0448164522935846
P52129,18-29,Man,North,No degree,5.9,0.034173,1,1.099366515837104,1.1994963209748883
P52139,45-59,Non-binary / other,North,No degree,0.3,0.043192,1,0.8886324786324786,0.9125361920115775
P52189,30-44,Man,Midlands,No degree,4.1,0.038239,1,1.0373821989528795,1.0797299063318317
P52190,30-44,Man,North,Degree,5.9,0.057214,1,0.6961,0.6597082290664027
P52222,60+,Man,South,No degree,5.3,0.01841,1,2.3322522522522524,2.1037967039270837
P52297,45-59,Woman,London,No degree,6.1,0.05165,1,0.8886324786324786,0.7975782928932811
P52300,60+,Woman,South,No degree,3.4,0.01841,1,2.3322522522522524,2.1037967039270837
P52309,30-44,Man,North,No degree,3.7,0.038239,1,1.0373821989528795,1.0571123461325747
P52311,18-29,Man,North,Degree,6.4,0.053563,1,0.8527935222672065,0.7485652746153514
P52331,18-29,Woman,London,No degree,6.3,0.042779,1,1.099366515837104,1.0483882572438128
P52367,45-59,Man,North,No degree,6.2,0.043192,1,0.8886324786324786,0.9125361920115775
P52408,45-59,Man,London,No degree,6.3,0.05165,1,0.8886324786324786,0.7975782928932811
P52447,45-59,Man,South,Degree,6.9,0.061237,1,0.6375257731958762,0.593083312363701
P52451,30-44,Woman,Midlands,No degree,3.2,0.038239,1,1.0373821989528795,1.0797299063318317
P52472,60+,Woman,North,No degree,8.4,0.01841,1,2.3322522522522524,2.0200816345539305
P52475,30-44,Woman,North,No degree,5.0,0.038239,1,1.0373821989528795,1.0571123461325747
P52490,45-59,Woman,South,Degree,6.3,0.061237,1,0.6375257731958762,0.593083312363701
P52508,30-44,Man,South,No degree,5.2,0.038239,1,1.0373821989528795,1.1009205922340977
P52514,60+,Man,Scotland/Wales,Degree,9.2,0.030629,1,0.9024852071005918,1.4434095731231131
P52578,45-59,Man,Midlands,Degree,7.6,0.061237,1,0.6375257731958762,0.5816675551557531
P52613,18-29,Woman,London,Degree,6.5,0.060918,1,0.8527935222672065,0.6542638188747341
P52622,60+,Man,South,Degree,7.1,0.035381,1,0.9024852071005918,1.3129087016541312
P52648,18-29,Man,South,Degree,3.1,0.053563,1,0.8527935222672065,0.7795868891990588
P52658,45-59,Man,Scotland/Wales,Degree,4.3,0.057214,1,0.6375257731958762,0.6520347756449332
P52748,18-29,Man,North,Degree,5.5,0.053563,1,0.8527935222672065,0.7485652746153514
P52751,45-59,Man,Midlands,No degree,3.4,0.043192,1,0.8886324786324786,0.9320604576512047
P52761,18-29,Woman,Midlands,No degree,3.8,0.034173,1,1.099366515837104,1.2251602727276898
P52842,45-59,Woman,South,No degree,10.0,0.043192,1,0.8886324786324786,0.9503529957055676
P52856,60+,Woman,North,No degree,6.3,0.01841,1,2.3322522522522524,2.0200816345539305
P52872,45-59,Man,London,No degree,6.9,0.05165,1,0.8886324786324786,0.7975782928932811
P52906,30-44,Woman,Midlands,Degree,6.7,0.057214,1,0.6961,0.6738230869993773
P52908,45-59,Woman,North,No degree,5.4,0.043192,1,0.8886324786324786,0.9125361920115775
P52922,18-29,Woman,North,No degree,5.3,0.034173,1,1.099366515837104,1.1994963209748883
P52996,18-29,Woman,South,Degree,4.3,0.053563,1,0.8527935222672065,0.7795868891990588
P53001,60+,Woman,South,Degree,6.6,0.035381,1,0.9024852071005918,1.3129087016541312
P53022,45-59,Woman,London,Degree,6.1,0.067212,1,0.6375257731958762,0.49774176327748904
P53080,30-44,Man,London,No degree,5.3,0.046879,1,1.0373821989528795,0.9239412834314563
P53084,30-44,Man,London,Degree,6.8,0.063968,1,0.6961,0.5766006518454402
P53095,45-59,Non-binary / other,South,No degree,6.6,0.043192,1,0.8886324786324786,0.9503529957055676
P53099,45-59,Man,Scotland/Wales,Degree,4.9,0.057214,1,0.6375257731958762,0.6520347756449332
P53121,60+,Woman,South,Degree,5.5,0.035381,1,0.9024852071005918,1.3129087016541312
P53208,60+,Woman,London,No degree,3.8,0.025101,1,2.3322522522522524,1.7655992997285437
P53312,45-59,Man,London,Degree,5.8,0.067212,1,0.6375257731958762,0.49774176327748904
P53383,30-44,Man,North,No degree,5.1,0.038239,1,1.0373821989528795,1.0571123461325747
P53413,45-59,Woman,London,Degree,5.0,0.067212,1,0.6375257731958762,0.49774176327748904
P53441,45-59,Woman,London,No degree,7.3,0.05165,1,0.8886324786324786,0.7975782928932811
P53443,18-29,Woman,South,No degree,3.5,0.034173,1,1.099366515837104,1.249205162442292
P53444,18-29,Man,Midlands,No degree,6.2,0.034173,1,1.099366515837104,1.2251602727276898
P53481,45-59,Man,North,Degree,4.9,0.061237,1,0.6375257731958762,0.5694831182261657
P53539,30-44,Man,London,Degree,6.9,0.063968,1,0.6961,0.5766006518454402
P53606,30-44,Man,South,Degree,3.7,0.057214,1,0.6961,0.6870474807172545
P53611,18-29,Man,South,Degree,5.9,0.053563,1,0.8527935222672065,0.7795868891990588
P53616,45-59,Woman,South,No degree,3.4,0.043192,1,0.8886324786324786,0.9503529957055676
P53618,18-29,Man,Midlands,Degree,4.3,0.053563,1,0.8527935222672065,0.7645812829645364
P53661,60+,Man,South,No degree,3.6,0.01841,1,2.3322522522522524,2.1037967039270837
P53675,30-44,Woman,London,Degree,6.6,0.063968,1,0.6961,0.5766006518454402
P53687,45-59,Man,London,Degree,5.8,0.067212,1,0.6375257731958762,0.49774176327748904
P53706,45-59,Woman,North,No degree,5.4,0.043192,1,0.8886324786324786,0.9125361920115775
P53718,45-59,Man,London,No degree,7.2,0.05165,1,0.8886324786324786,0.7975782928932811
P53726,30-44,Man,South,Degree,4.9,0.057214,1,0.6961,0.6870474807172545
P53734,18-29,Woman,London,No degree,5.4,0.042779,1,1.099366515837104,1.0483882572438128
P53736,45-59,Woman,South,No degree,6.3,0.043192,1,0.8886324786324786,0.9503529957055676
P53743,30-44,Man,Midlands,Degree,5.5,0.057214,1,0.6961,0.6738230869993773
P53804,30-44,Woman,North,No degree,8.8,0.038239,1,1.0373821989528795,1.0571123461325747
P53820,18-29,Woman,London,No degree,6.8,0.042779,1,1.099366515837104,1.0483882572438128
P53837,45-59,Man,South,Degree,4.5,0.061237,1,0.6375257731958762,0.593083312363701
P53848,45-59,Woman,North,Degree,4.5,0.061237,1,0.6375257731958762,0.5694831182261657
P53880,60+,Man,Midlands,No degree,6.6,0.01841,1,2.3322522522522524,2.0633025070979794
P54013,60+,Man,Midlands,No degree,9.4,0.01841,1,2.3322522522522524,2.0633025070979794
P54020,30-44,Man,London,No degree,7.8,0.046879,1,1.0373821989528795,0.9239412834314563
P54046,60+,Man,South,No degree,7.3,0.01841,1,2.3322522522522524,2.1037967039270837
P54063,45-59,Woman,Scotland/Wales,Degree,3.3,0.057214,1,0.6375257731958762,0.6520347756449332
P54069,18-29,Woman,Scotland/Wales,Degree,4.0,0.048894,1,0.8527935222672065,0.8570764879031357
P54124,18-29,Man,North,No degree,5.5,0.034173,1,1.099366515837104,1.1994963209748883
P54125,30-44,Woman,Midlands,Degree,4.0,0.057214,1,0.6961,0.6738230869993773
P54138,30-44,Woman,South,No degree,6.1,0.038239,1,1.0373821989528795,1.1009205922340977
P54147,18-29,Man,North,No degree,7.4,0.034173,1,1.099366515837104,1.1994963209748883
P54157,18-29,Man,London,No degree,3.1,0.042779,1,1.099366515837104,1.0483882572438128
P54165,45-59,Woman,Midlands,Degree,6.1,0.061237,1,0.6375257731958762,0.5816675551557531
P54166,60+,Man,Midlands,Degree,6.5,0.035381,1,0.9024852071005918,1.2876376365915312
P54237,45-59,Man,South,Degree,8.8,0.061237,1,0.6375257731958762,0.593083312363701
P54254,45-59,Woman,Midlands,Degree,7.4,0.061237,1,0.6375257731958762,0.5816675551557531
P54275,60+,Man,London,Degree,6.6,0.044016,1,0.9024852071005918,1.1018510866192461
P54290,30-44,Man,Midlands,Degree,8.1,0.057214,1,0.6961,0.6738230869993773
P54294,18-29,Man,North,Degree,5.7,0.053563,1,0.8527935222672065,0.7485652746153514
P54298,18-29,Man,South,No degree,4.8,0.034173,1,1.099366515837104,1.249205162442292
P54367,60+,Man,South,Degree,5.8,0.035381,1,0.9024852071005918,1.3129087016541312
P54374,45-59,Woman,Scotland/Wales,Degree,7.8,0.057214,1,0.6375257731958762,0.6520347756449332
P54382,18-29,Man,South,No degree,6.7,0.034173,1,1.099366515837104,1.249205162442292
P54391,18-29,Woman,South,Degree,1.6,0.053563,1,0.8527935222672065,0.7795868891990588
P54396,30-44,Man,South,Degree,7.7,0.057214,1,0.6961,0.6870474807172545
P54418,45-59,Man,South,Degree,7.7,0.061237,1,0.6375257731958762,0.593083312363701
P54438,30-44,Woman,South,No degree,6.3,0.038239,1,1.0373821989528795,1.1009205922340977
P54479,30-44,Man,Midlands,No degree,3.3,0.038239,1,1.0373821989528795,1.0797299063318317
P54493,30-44,Man,London,No degree,5.8,0.046879,1,1.0373821989528795,0.9239412834314563
P54521,60+,Man,London,Degree,7.5,0.044016,1,0.9024852071005918,1.1018510866192461
P54574,30-44,Man,Midlands,Degree,5.5,0.057214,1,0.6961,0.6738230869993773
P54581,30-44,Woman,Scotland/Wales,Degree,4.9,0.052804,1,0.6961,0.7553388210528066
P54586,60+,Man,South,Degree,4.9,0.035381,1,0.9024852071005918,1.3129087016541312
P54595,30-44,Man,North,No degree,4.3,0.038239,1,1.0373821989528795,1.0571123461325747
P54676,18-29,Woman,Midlands,Degree,6.2,0.053563,1,0.8527935222672065,0.7645812829645364
P54711,45-59,Woman,Scotland/Wales,Degree,6.8,0.057214,1,0.6375257731958762,0.6520347756449332
P54719,45-59,Man,London,Degree,6.9,0.067212,1,0.6375257731958762,0.49774176327748904
P54722,45-59,Woman,South,Degree,4.9,0.061237,1,0.6375257731958762,0.593083312363701
P54723,18-29,Woman,South,No degree,4.6,0.034173,1,1.099366515837104,1.249205162442292
P54739,45-59,Man,Midlands,No degree,3.6,0.043192,1,0.8886324786324786,0.9320604576512047
P54795,30-44,Woman,Midlands,No degree,5.6,0.038239,1,1.0373821989528795,1.0797299063318317
P54835,45-59,Man,North,Degree,8.1,0.061237,1,0.6375257731958762,0.5694831182261657
P54851,30-44,Woman,Scotland/Wales,Degree,4.6,0.052804,1,0.6961,0.7553388210528066
P54874,45-59,Woman,South,No degree,3.2,0.043192,1,0.8886324786324786,0.9503529957055676
P54892,60+,Woman,Midlands,No degree,5.5,0.01841,1,2.3322522522522524,2.0633025070979794
P54896,45-59,Man,Midlands,No degree,6.2,0.043192,1,0.8886324786324786,0.9320604576512047
P54897,18-29,Woman,North,Degree,4.9,0.053563,1,0.8527935222672065,0.7485652746153514
P54943,45-59,Woman,London,No degree,6.6,0.05165,1,0.8886324786324786,0.7975782928932811
P54963,30-44,Woman,Scotland/Wales,Degree,5.7,0.052804,1,0.6961,0.7553388210528066
P54999,30-44,Man,North,No degree,3.8,0.038239,1,1.0373821989528795,1.0571123461325747
P55026,45-59,Man,North,No degree,6.2,0.043192,1,0.8886324786324786,0.9125361920115775
P55049,30-44,Man,South,Degree,3.2,0.057214,1,0.6961,0.6870474807172545
P55051,60+,Woman,London,Degree,7.0,0.044016,1,0.9024852071005918,1.1018510866192461
P55054,60+,Man,North,Degree,5.0,0.035381,1,0.9024852071005918,1.2606649450048188
P55099,18-29,Man,South,Degree,6.3,0.053563,1,0.8527935222672065,0.7795868891990588
P55135,60+,Man,North,Degree,4.7,0.035381,1,0.9024852071005918,1.2606649450048188
P55188,45-59,Man,North,No degree,4.8,0.043192,1,0.8886324786324786,0.9125361920115775
P55222,30-44,Man,Scotland/Wales,Degree,4.0,0.052804,1,0.6961,0.7553388210528066
P55244,30-44,Man,North,No degree,6.3,0.038239,1,1.0373821989528795,1.0571123461325747
P55364,45-59,Man,South,No degree,4.6,0.043192,1,0.8886324786324786,0.9503529957055676
P55398,60+,Woman,Scotland/Wales,Degree,5.3,0.030629,1,0.9024852071005918,1.4434095731231131
P55417,30-44,Woman,London,Degree,5.2,0.063968,1,0.6961,0.5766006518454402
P55418,18-29,Man,Midlands,Degree,4.3,0.053563,1,0.8527935222672065,0.7645812829645364
P55453,18-29,Man,Midlands,Degree,7.5,0.053563,1,0.8527935222672065,0.7645812829645364
P55571,30-44,Woman,London,Degree,3.8,0.063968,1,0.6961,0.5766006518454402
P55580,30-44,Woman,North,Degree,4.9,0.057214,1,0.6961,0.6597082290664027
P55627,45-59,Woman,South,No degree,4.9,0.043192,1,0.8886324786324786,0.9503529957055676
P55653,30-44,Woman,North,No degree,6.6,0.038239,1,1.0373821989528795,1.0571123461325747
P55654,18-29,Woman,North,No degree,5.9,0.034173,1,1.099366515837104,1.1994963209748883
P55665,18-29,Woman,North,Degree,7.1,0.053563,1,0.8527935222672065,0.7485652746153514
P55669,18-29,Woman,South,Degree,5.7,0.053563,1,0.8527935222672065,0.7795868891990588
P55680,60+,Woman,South,No degree,7.4,0.01841,1,2.3322522522522524,2.1037967039270837
P55685,60+,Woman,London,Degree,6.5,0.044016,1,0.9024852071005918,1.1018510866192461
P55691,30-44,Woman,Scotland/Wales,Degree,5.9,0.052804,1,0.6961,0.7553388210528066
P55693,60+,Woman,North,No degree,7.4,0.01841,1,2.3322522522522524,2.0200816345539305
P55709,60+,Man,London,Degree,8.9,0.044016,1,0.9024852071005918,1.1018510866192461
P55737,30-44,Man,North,Degree,3.9,0.057214,1,0.6961,0.6597082290664027
P55762,60+,Woman,North,No degree,5.2,0.01841,1,2.3322522522522524,2.0200816345539305
P55812,30-44,Man,North,No degree,7.0,0.038239,1,1.0373821989528795,1.0571123461325747
P55818,45-59,Woman,North,Degree,6.3,0.061237,1,0.6375257731958762,0.5694831182261657
P55844,45-59,Woman,South,Degree,4.2,0.061237,1,0.6375257731958762,0.593083312363701
P55881,45-59,Woman,South,Degree,6.8,0.061237,1,0.6375257731958762,0.593083312363701
P55913,60+,Woman,North,No degree,3.8,0.01841,1,2.3322522522522524,2.0200816345539305
P55954,45-59,Man,North,No degree,4.7,0.043192,1,0.8886324786324786,0.9125361920115775
P56056,18-29,Man,North,No degree,1.8,0.034173,1,1.099366515837104,1.1994963209748883
P56085,60+,Man,South,No degree,8.6,0.01841,1,2.3322522522522524,2.1037967039270837
P56104,30-44,Woman,Scotland/Wales,Degree,4.8,0.052804,1,0.6961,0.7553388210528066
P56121,30-44,Man,South,No degree,5.7,0.038239,1,1.0373821989528795,1.1009205922340977
P56180,45-59,Woman,South,Degree,6.1,0.061237,1,0.6375257731958762,0.593083312363701
P56220,30-44,Woman,London,Degree,6.8,0.063968,1,0.6961,0.5766006518454402
P56223,45-59,Man,Midlands,No degree,5.0,0.043192,1,0.8886324786324786,0.9320604576512047
P56237,45-59,Man,Midlands,No degree,6.9,0.043192,1,0.8886324786324786,0.9320604576512047
P56283,18-29,Man,London,Degree,4.2,0.060918,1,0.8527935222672065,0.6542638188747341
P56311,30-44,Man,Midlands,Degree,7.0,0.057214,1,0.6961,0.6738230869993773
P56327,45-59,Woman,South,No degree,3.8,0.043192,1,0.8886324786324786,0.9503529957055676
P56377,30-44,Woman,South,No degree,5.1,0.038239,1,1.0373821989528795,1.1009205922340977
P56428,30-44,Man,Scotland/Wales,No degree,6.5,0.033374,1,1.0373821989528795,1.2103502094829488
P56513,60+,Woman,Midlands,Degree,5.4,0.035381,1,0.9024852071005918,1.2876376365915312
P56520,30-44,Woman,Midlands,No degree,5.0,0.038239,1,1.0373821989528795,1.0797299063318317
P56580,60+,Man,South,No degree,5.6,0.01841,1,2.3322522522522524,2.1037967039270837
P56583,18-29,Woman,North,Degree,2.5,0.053563,1,0.8527935222672065,0.7485652746153514
P56586,18-29,Man,London,No degree,6.3,0.042779,1,1.099366515837104,1.0483882572438128
P56592,45-59,Woman,North,No degree,2.5,0.043192,1,0.8886324786324786,0.9125361920115775
P56618,45-59,Woman,South,Degree,6.4,0.061237,1,0.6375257731958762,0.593083312363701
P56649,18-29,Woman,London,Degree,6.6,0.060918,1,0.8527935222672065,0.6542638188747341
P56675,60+,Man,South,No degree,6.8,0.01841,1,2.3322522522522524,2.1037967039270837
P56683,45-59,Woman,South,No degree,4.1,0.043192,1,0.8886324786324786,0.9503529957055676
P56722,60+,Man,South,Degree,5.3,0.035381,1,0.9024852071005918,1.3129087016541312
P56745,45-59,Woman,London,Degree,7.8,0.067212,1,0.6375257731958762,0.49774176327748904
P56793,45-59,Man,Scotland/Wales,No degree,6.2,0.038239,1,0.8886324786324786,1.0448164522935846
P56806,60+,Man,North,No degree,6.6,0.01841,1,2.3322522522522524,2.0200816345539305
P56814,45-59,Man,Midlands,No degree,6.7,0.043192,1,0.8886324786324786,0.9320604576512047
P56852,18-29,Woman,South,No degree,7.4,0.034173,1,1.099366515837104,1.249205162442292
P56857,30-44,Woman,South,Degree,5.5,0.057214,1,0.6961,0.6870474807172545
P56859,45-59,Woman,South,No degree,6.9,0.043192,1,0.8886324786324786,0.9503529957055676
P56864,30-44,Woman,Scotland/Wales,Degree,3.7,0.052804,1,0.6961,0.7553388210528066
P56941,60+,Woman,Midlands,No degree,6.7,0.01841,1,2.3322522522522524,2.0633025070979794
P56969,45-59,Man,South,No degree,4.7,0.043192,1,0.8886324786324786,0.9503529957055676
P57005,60+,Woman,Midlands,No degree,4.8,0.01841,1,2.3322522522522524,2.0633025070979794
P57027,30-44,Woman,South,No degree,7.2,0.038239,1,1.0373821989528795,1.1009205922340977
P57082,30-44,Man,Midlands,Degree,7.1,0.057214,1,0.6961,0.6738230869993773
P57111,60+,Man,North,Degree,5.9,0.035381,1,0.9024852071005918,1.2606649450048188
P57140,45-59,Man,North,Degree,7.0,0.061237,1,0.6375257731958762,0.5694831182261657
P57172,18-29,Woman,Midlands,Degree,4.1,0.053563,1,0.8527935222672065,0.7645812829645364
P57191,30-44,Man,South,Degree,8.3,0.057214,1,0.6961,0.6870474807172545
P57235,30-44,Man,South,Degree,4.5,0.057214,1,0.6961,0.6870474807172545
P57240,30-44,Woman,South,No degree,4.0,0.038239,1,1.0373821989528795,1.1009205922340977
P57244,60+,Non-binary / other,Scotland/Wales,Degree,5.7,0.030629,1,0.9024852071005918,1.4434095731231131
P57294,18-29,Woman,London,Degree,6.3,0.060918,1,0.8527935222672065,0.6542638188747341
P57298,30-44,Man,North,No degree,6.0,0.038239,1,1.0373821989528795,1.0571123461325747
P57310,18-29,Woman,South,No degree,3.3,0.034173,1,1.099366515837104,1.249205162442292
P57322,30-44,Woman,London,No degree,7.6,0.046879,1,1.0373821989528795,0.9239412834314563
P57364,45-59,Woman,North,No degree,5.5,0.043192,1,0.8886324786324786,0.9125361920115775
P57371,30-44,Woman,South,No degree,6.7,0.038239,1,1.0373821989528795,1.1009205922340977
P57374,30-44,Woman,South,No degree,5.8,0.038239,1,1.0373821989528795,1.1009205922340977
P57378,30-44,Man,North,Degree,7.0,0.057214,1,0.6961,0.6597082290664027
P57398,18-29,Man,South,No degree,5.0,0.034173,1,1.099366515837104,1.249205162442292
P57422,30-44,Woman,London,No degree,3.9,0.046879,1,1.0373821989528795,0.9239412834314563
P57453,30-44,Woman,North,No degree,7.5,0.038239,1,1.0373821989528795,1.0571123461325747
P57466,45-59,Woman,Midlands,No degree,2.2,0.043192,1,0.8886324786324786,0.9320604576512047
P57479,60+,Woman,South,No degree,4.9,0.01841,1,2.3322522522522524,2.1037967039270837
P57509,30-44,Non-binary / other,South,Degree,8.4,0.057214,1,0.6961,0.6870474807172545
P57527,30-44,Man,Midlands,No degree,4.3,0.038239,1,1.0373821989528795,1.0797299063318317
P57579,45-59,Man,London,Degree,5.3,0.067212,1,0.6375257731958762,0.49774176327748904
P57584,18-29,Woman,Midlands,Degree,7.1,0.053563,1,0.8527935222672065,0.7645812829645364
P57589,45-59,Man,South,Degree,7.5,0.061237,1,0.6375257731958762,0.593083312363701
P57618,30-44,Man,South,Degree,5.5,0.057214,1,0.6961,0.6870474807172545
P57729,18-29,Woman,Scotland/Wales,No degree,4.6,0.029482,1,1.099366515837104,1.3733740114543207
P57735,18-29,Man,South,Degree,5.4,0.053563,1,0.8527935222672065,0.7795868891990588
P57780,45-59,Woman,South,No degree,5.1,0.043192,1,0.8886324786324786,0.9503529957055676
P57788,45-59,Woman,Scotland/Wales,Degree,4.1,0.057214,1,0.6375257731958762,0.6520347756449332
P57804,18-29,Woman,Midlands,Degree,4.7,0.053563,1,0.8527935222672065,0.7645812829645364
P57825,45-59,Man,South,No degree,9.1,0.043192,1,0.8886324786324786,0.9503529957055676
P57864,45-59,Woman,London,No degree,5.6,0.05165,1,0.8886324786324786,0.7975782928932811
P57880,30-44,Man,North,Degree,6.4,0.057214,1,0.6961,0.6597082290664027
P57891,18-29,Non-binary / other,Midlands,No degree,5.3,0.034173,1,1.099366515837104,1.2251602727276898
P57904,30-44,Man,Scotland/Wales,No degree,2.8,0.033374,1,1.0373821989528795,1.2103502094829488
P57930,45-59,Man,London,No degree,5.7,0.05165,1,0.8886324786324786,0.7975782928932811
P57952,18-29,Man,South,Degree,4.2,0.053563,1,0.8527935222672065,0.7795868891990588
P57976,30-44,Woman,North,No degree,6.8,0.038239,1,1.0373821989528795,1.0571123461325747
P58000,30-44,Woman,South,No degree,6.8,0.038239,1,1.0373821989528795,1.1009205922340977
P58059,18-29,Man,North,No degree,5.5,0.034173,1,1.099366515837104,1.1994963209748883
P58064,60+,Man,South,No degree,3.5,0.01841,1,2.3322522522522524,2.1037967039270837
P58129,60+,Man,London,No degree,7.1,0.025101,1,2.3322522522522524,1.7655992997285437
P58153,45-59,Woman,South,No degree,5.8,0.043192,1,0.8886324786324786,0.9503529957055676
P58154,60+,Woman,North,No degree,4.1,0.01841,1,2.3322522522522524,2.0200816345539305
P58170,45-59,Man,North,No degree,4.6,0.043192,1,0.8886324786324786,0.9125361920115775
P58229,60+,Man,London,No degree,3.1,0.025101,1,2.3322522522522524,1.7655992997285437
P58258,45-59,Man,Midlands,Degree,6.9,0.061237,1,0.6375257731958762,0.5816675551557531
P58285,18-29,Woman,North,No degree,4.2,0.034173,1,1.099366515837104,1.1994963209748883
P58327,45-59,Woman,London,Degree,7.2,0.067212,1,0.6375257731958762,0.49774176327748904
P58353,18-29,Man,North,No degree,5.1,0.034173,1,1.099366515837104,1.1994963209748883
P58354,60+,Woman,London,No degree,4.8,0.025101,1,2.3322522522522524,1.7655992997285437
P58386,30-44,Woman,South,Degree,5.3,0.057214,1,0.6961,0.6870474807172545
P58387,30-44,Woman,Midlands,Degree,6.6,0.057214,1,0.6961,0.6738230869993773
P58410,45-59,Woman,North,No degree,4.7,0.043192,1,0.8886324786324786,0.9125361920115775
P58419,30-44,Man,London,Degree,6.5,0.063968,1,0.6961,0.5766006518454402
P58458,45-59,Non-binary / other,North,No degree,5.5,0.043192,1,0.8886324786324786,0.9125361920115775
P58475,18-29,Man,South,No degree,3.9,0.034173,1,1.099366515837104,1.249205162442292
P58490,60+,Woman,Scotland/Wales,Degree,5.4,0.030629,1,0.9024852071005918,1.4434095731231131
P58500,18-29,Woman,South,No degree,5.7,0.034173,1,1.099366515837104,1.249205162442292
P58519,30-44,Woman,Scotland/Wales,Degree,4.6,0.052804,1,0.6961,0.7553388210528066
P58527,30-44,Man,London,Degree,5.2,0.063968,1,0.6961,0.5766006518454402
P58536,30-44,Woman,North,No degree,6.5,0.038239,1,1.0373821989528795,1.0571123461325747
P58593,60+,Woman,Midlands,Degree,5.4,0.035381,1,0.9024852071005918,1.2876376365915312
P58634,45-59,Man,North,No degree,2.7,0.043192,1,0.8886324786324786,0.9125361920115775
P58690,60+,Man,Midlands,Degree,8.0,0.035381,1,0.9024852071005918,1.2876376365915312
P58691,18-29,Woman,North,No degree,2.9,0.034173,1,1.099366515837104,1.1994963209748883
P58746,45-59,Woman,North,Degree,6.6,0.061237,1,0.6375257731958762,0.5694831182261657
P58756,45-59,Woman,North,Degree,6.9,0.061237,1,0.6375257731958762,0.5694831182261657
P58832,30-44,Man,South,No degree,6.7,0.038239,1,1.0373821989528795,1.1009205922340977
P58918,30-44,Man,Scotland/Wales,No degree,5.1,0.033374,1,1.0373821989528795,1.2103502094829488
P58927,30-44,Man,North,Degree,7.6,0.057214,1,0.6961,0.6597082290664027
P58931,45-59,Man,Midlands,No degree,7.4,0.043192,1,0.8886324786324786,0.9320604576512047
P58975,45-59,Woman,North,No degree,5.2,0.043192,1,0.8886324786324786,0.9125361920115775
P59028,30-44,Woman,North,No degree,2.5,0.038239,1,1.0373821989528795,1.0571123461325747
P59053,60+,Woman,South,Degree,6.0,0.035381,1,0.9024852071005918,1.3129087016541312
P59162,30-44,Woman,Scotland/Wales,Degree,7.4,0.052804,1,0.6961,0.7553388210528066
P59185,18-29,Woman,Midlands,Degree,6.4,0.053563,1,0.8527935222672065,0.7645812829645364
P59206,45-59,Woman,London,No degree,5.5,0.05165,1,0.8886324786324786,0.7975782928932811
P59220,18-29,Woman,London,Degree,5.8,0.060918,1,0.8527935222672065,0.6542638188747341
P59274,18-29,Man,Midlands,No degree,4.4,0.034173,1,1.099366515837104,1.2251602727276898
P59287,45-59,Woman,South,No degree,5.1,0.043192,1,0.8886324786324786,0.9503529957055676
P59308,60+,Man,North,No degree,7.9,0.01841,1,2.3322522522522524,2.0200816345539305
P59359,30-44,Man,Midlands,No degree,5.6,0.038239,1,1.0373821989528795,1.0797299063318317
P59360,30-44,Woman,South,Degree,6.7,0.057214,1,0.6961,0.6870474807172545
P59379,45-59,Man,North,No degree,6.2,0.043192,1,0.8886324786324786,0.9125361920115775
P59397,30-44,Woman,London,No degree,5.1,0.046879,1,1.0373821989528795,0.9239412834314563
P59413,45-59,Woman,Midlands,Degree,5.5,0.061237,1,0.6375257731958762,0.5816675551557531
P59455,60+,Woman,London,Degree,8.4,0.044016,1,0.9024852071005918,1.1018510866192461
P59482,18-29,Woman,Scotland/Wales,Degree,5.2,0.048894,1,0.8527935222672065,0.8570764879031357
P59533,18-29,Woman,North,Degree,3.9,0.053563,1,0.8527935222672065,0.7485652746153514
P59581,45-59,Woman,North,No degree,7.9,0.043192,1,0.8886324786324786,0.9125361920115775
P59583,30-44,Woman,Midlands,Degree,9.1,0.057214,1,0.6961,0.6738230869993773
P59596,30-44,Man,Midlands,Degree,3.0,0.057214,1,0.6961,0.6738230869993773
P59606,60+,Woman,South,No degree,3.0,0.01841,1,2.3322522522522524,2.1037967039270837
P59637,60+,Woman,Midlands,No degree,5.7,0.01841,1,2.3322522522522524,2.0633025070979794
P59639,60+,Woman,South,Degree,7.4,0.035381,1,0.9024852071005918,1.3129087016541312
P59657,60+,Woman,South,Degree,6.9,0.035381,1,0.9024852071005918,1.3129087016541312
P59663,30-44,Woman,South,No degree,6.5,0.038239,1,1.0373821989528795,1.1009205922340977
P59676,18-29,Non-binary / other,Scotland/Wales,Degree,8.1,0.048894,1,0.8527935222672065,0.8570764879031357
P59746,60+,Woman,South,Degree,8.6,0.035381,1,0.9024852071005918,1.3129087016541312
P59749,18-29,Man,North,No degree,2.0,0.034173,1,1.099366515837104,1.1994963209748883
P59783,45-59,Man,South,Degree,5.6,0.061237,1,0.6375257731958762,0.593083312363701
P59795,45-59,Man,Midlands,Degree,7.4,0.061237,1,0.6375257731958762,0.5816675551557531
P59860,45-59,Woman,London,Degree,6.6,0.067212,1,0.6375257731958762,0.49774176327748904
P59887,60+,Woman,Midlands,Degree,7.5,0.035381,1,0.9024852071005918,1.2876376365915312
P59905,30-44,Man,North,Degree,6.6,0.057214,1,0.6961,0.6597082290664027
P59914,18-29,Woman,London,No degree,7.2,0.042779,1,1.099366515837104,1.0483882572438128
P59934,45-59,Man,North,Degree,9.6,0.061237,1,0.6375257731958762,0.5694831182261657
P59970,30-44,Woman,North,No degree,8.4,0.038239,1,1.0373821989528795,1.0571123461325747
